id,essay_set,essay_score
1673,1,2.0
1674,1,1.0
1675,1,3.0
1676,1,0.0
1677,1,0.0
1678,1,3.0
1679,1,2.0
1680,1,2.0
1681,1,3.0
1682,1,2.0
1683,1,2.0
1684,1,2.0
1685,1,0.0
1686,1,2.0
1687,1,2.0
1688,1,3.0
1689,1,3.0
1690,1,0.0
1691,1,2.0
1692,1,2.0
1693,1,0.0
1694,1,1.0
1695,1,0.0
1696,1,1.0
1697,1,2.0
1698,1,3.0
1699,1,2.0
1700,1,2.0
1701,1,3.0
1702,1,2.0
1703,1,3.0
1704,1,2.0
1705,1,2.0
1706,1,2.0
1707,1,2.0
1708,1,1.0
1709,1,2.0
1710,1,3.0
1711,1,2.0
1712,1,2.0
1713,1,1.0
1714,1,1.0
1715,1,3.0
1716,1,0.0
1717,1,0.0
1718,1,0.0
1719,1,0.0
1720,1,1.0
1721,1,3.0
1722,1,3.0
1723,1,2.0
1724,1,1.0
1725,1,1.0
1726,1,2.0
1727,1,2.0
1728,1,0.0
1729,1,0.0
1730,1,1.0
1731,1,2.0
1732,1,0.0
1733,1,0.0
1734,1,2.0
1735,1,2.0
1736,1,2.0
1737,1,2.0
1738,1,2.0
1739,1,3.0
1740,1,3.0
1741,1,1.0
1742,1,3.0
1743,1,2.0
1744,1,1.0
1745,1,1.0
1746,1,1.0
1747,1,0.0
1748,1,3.0
1749,1,2.0
1750,1,0.0
1751,1,1.0
1752,1,2.0
1753,1,0.0
1754,1,0.0
1755,1,2.0
1756,1,3.0
1757,1,2.0
1758,1,3.0
1759,1,2.0
1760,1,3.0
1761,1,3.0
1762,1,0.0
1763,1,3.0
1764,1,3.0
1765,1,2.0
1766,1,1.0
1767,1,3.0
1768,1,0.0
1769,1,1.0
1770,1,3.0
1771,1,1.0
1772,1,1.0
1773,1,3.0
1774,1,0.0
1775,1,1.0
1776,1,2.0
1777,1,1.0
1778,1,2.0
1779,1,1.0
1780,1,2.0
1781,1,2.0
1782,1,0.0
1783,1,1.0
1784,1,3.0
1785,1,1.0
1786,1,0.0
1787,1,0.0
1788,1,2.0
1789,1,2.0
1790,1,1.0
1791,1,2.0
1792,1,2.0
1793,1,0.0
1794,1,1.0
1795,1,2.0
1796,1,2.0
1797,1,0.0
1798,1,2.0
1799,1,3.0
1800,1,0.0
1801,1,1.0
1802,1,2.0
1803,1,2.0
1804,1,3.0
1805,1,1.0
1806,1,2.0
1807,1,2.0
1808,1,2.0
1809,1,2.0
1810,1,2.0
1811,1,3.0
1812,1,0.0
1813,1,2.0
1814,1,3.0
1815,1,3.0
1816,1,2.0
1817,1,2.0
1818,1,2.0
1819,1,3.0
1820,1,1.0
1821,1,2.0
1822,1,1.0
1823,1,2.0
1824,1,1.0
1825,1,2.0
1826,1,1.0
1827,1,2.0
1828,1,3.0
1829,1,1.0
1830,1,1.0
1831,1,3.0
1832,1,3.0
1833,1,0.0
1834,1,1.0
1835,1,0.0
1836,1,3.0
1837,1,2.0
1838,1,3.0
1839,1,1.0
1840,1,0.0
1841,1,0.0
1842,1,3.0
1843,1,2.0
1844,1,2.0
1845,1,1.0
1846,1,2.0
1847,1,3.0
1848,1,3.0
1849,1,1.0
1850,1,1.0
1851,1,0.0
1852,1,0.0
1853,1,3.0
1854,1,2.0
1855,1,2.0
1856,1,0.0
1857,1,3.0
1858,1,3.0
1859,1,2.0
1860,1,3.0
1861,1,1.0
1862,1,3.0
1863,1,0.0
1864,1,1.0
1865,1,1.0
1866,1,1.0
1867,1,2.0
1868,1,2.0
1869,1,1.0
1870,1,2.0
1871,1,0.0
1872,1,3.0
1873,1,0.0
1874,1,3.0
1875,1,0.0
1876,1,3.0
1877,1,1.0
1878,1,1.0
1879,1,1.0
1880,1,2.0
1881,1,1.0
1882,1,2.0
1883,1,1.0
1884,1,2.0
1885,1,2.0
1886,1,3.0
1887,1,1.0
1888,1,2.0
1889,1,0.0
1890,1,2.0
1891,1,1.0
1892,1,2.0
1893,1,1.0
1894,1,2.0
1895,1,3.0
1896,1,0.0
1897,1,1.0
1898,1,0.0
1899,1,0.0
1900,1,2.0
1901,1,2.0
1902,1,1.0
1903,1,1.0
1904,1,0.0
1905,1,3.0
1906,1,2.0
1907,1,3.0
1908,1,2.0
1909,1,1.0
1910,1,3.0
1911,1,1.0
1912,1,2.0
1913,1,1.0
1914,1,1.0
1915,1,3.0
1916,1,2.0
1917,1,1.0
1918,1,2.0
1919,1,1.0
1920,1,2.0
1921,1,1.0
1922,1,1.0
1923,1,2.0
1924,1,1.0
1925,1,1.0
1926,1,2.0
1927,1,3.0
1928,1,3.0
1929,1,2.0
1930,1,0.0
1931,1,1.0
1932,1,2.0
1933,1,2.0
1934,1,3.0
1935,1,2.0
1936,1,1.0
1937,1,3.0
1938,1,2.0
1939,1,0.0
1940,1,1.0
1941,1,3.0
1942,1,3.0
1943,1,0.0
1944,1,2.0
1945,1,1.0
1946,1,2.0
1947,1,2.0
1948,1,0.0
1949,1,0.0
1950,1,2.0
1951,1,0.0
1952,1,2.0
1953,1,0.0
1954,1,0.0
1955,1,1.0
1956,1,1.0
1957,1,1.0
1958,1,2.0
1959,1,1.0
1960,1,3.0
1961,1,1.0
1962,1,2.0
1963,1,2.0
1964,1,0.0
1965,1,1.0
1966,1,3.0
1967,1,2.0
1968,1,2.0
1969,1,2.0
1970,1,0.0
1971,1,0.0
1972,1,0.0
1973,1,2.0
1974,1,2.0
1975,1,0.0
1976,1,0.0
1977,1,3.0
1978,1,0.0
1979,1,1.0
1980,1,3.0
1981,1,2.0
1982,1,2.0
1983,1,0.0
1984,1,3.0
1985,1,2.0
1986,1,3.0
1987,1,0.0
1988,1,1.0
1989,1,3.0
1990,1,3.0
1991,1,2.0
1992,1,0.0
1993,1,1.0
1994,1,2.0
1995,1,2.0
1996,1,1.0
1997,1,0.0
1998,1,2.0
1999,1,2.0
2000,1,0.0
2001,1,2.0
2002,1,1.0
2003,1,2.0
2004,1,3.0
2005,1,2.0
2006,1,0.0
2007,1,2.0
2008,1,2.0
2009,1,0.0
2010,1,3.0
2011,1,0.0
2012,1,3.0
2013,1,3.0
2014,1,3.0
2015,1,1.0
2016,1,2.0
2017,1,1.0
2018,1,1.0
2019,1,1.0
2020,1,0.0
2021,1,3.0
2022,1,3.0
2023,1,2.0
2024,1,2.0
2025,1,1.0
2026,1,1.0
2027,1,1.0
2028,1,3.0
2029,1,1.0
2030,1,1.0
2031,1,2.0
2032,1,1.0
2033,1,1.0
2034,1,3.0
2035,1,1.0
2036,1,1.0
2037,1,1.0
2038,1,1.0
2039,1,0.0
2040,1,2.0
2041,1,2.0
2042,1,2.0
2043,1,2.0
2044,1,2.0
2045,1,3.0
2046,1,1.0
2047,1,1.0
2048,1,2.0
2049,1,0.0
2050,1,3.0
2051,1,0.0
2052,1,3.0
2053,1,1.0
2054,1,0.0
2055,1,2.0
2056,1,1.0
2057,1,2.0
2058,1,2.0
2059,1,1.0
2060,1,3.0
2061,1,1.0
2062,1,1.0
2063,1,1.0
2064,1,1.0
2065,1,2.0
2066,1,1.0
2067,1,0.0
2068,1,0.0
2069,1,0.0
2070,1,2.0
2071,1,0.0
2072,1,3.0
2073,1,0.0
2074,1,2.0
2075,1,2.0
2076,1,3.0
2077,1,2.0
2078,1,2.0
2079,1,2.0
2080,1,1.0
2081,1,1.0
2082,1,2.0
2083,1,2.0
2084,1,2.0
2085,1,0.0
2086,1,2.0
2087,1,2.0
2088,1,2.0
2089,1,2.0
2090,1,3.0
2091,1,1.0
2092,1,2.0
2093,1,0.0
2094,1,3.0
2095,1,3.0
2096,1,2.0
2097,1,2.0
2098,1,1.0
2099,1,2.0
2100,1,3.0
2101,1,0.0
2102,1,1.0
2103,1,3.0
2104,1,1.0
2105,1,0.0
2106,1,2.0
2107,1,3.0
2108,1,2.0
2109,1,2.0
2110,1,1.0
2111,1,1.0
2112,1,0.0
2113,1,2.0
2114,1,1.0
2115,1,2.0
2116,1,3.0
2117,1,2.0
2118,1,2.0
2119,1,1.0
2120,1,3.0
2121,1,2.0
2122,1,2.0
2123,1,2.0
2124,1,0.0
2125,1,1.0
2126,1,3.0
2127,1,3.0
2128,1,2.0
2129,1,2.0
2130,1,2.0
2131,1,2.0
2132,1,1.0
2133,1,2.0
2134,1,2.0
2135,1,0.0
2136,1,3.0
2137,1,3.0
2138,1,1.0
2139,1,1.0
2140,1,1.0
2141,1,3.0
2142,1,0.0
2143,1,1.0
2144,1,2.0
2145,1,3.0
2146,1,1.0
2147,1,2.0
2148,1,1.0
2149,1,0.0
2150,1,3.0
2151,1,0.0
2152,1,0.0
2153,1,0.0
2154,1,2.0
2155,1,1.0
2156,1,1.0
2157,1,2.0
2158,1,3.0
2159,1,3.0
2160,1,2.0
2161,1,1.0
2162,1,2.0
2163,1,1.0
2164,1,3.0
2165,1,2.0
2166,1,2.0
2167,1,1.0
2168,1,3.0
2169,1,1.0
2170,1,0.0
2171,1,2.0
2172,1,2.0
2173,1,0.0
2174,1,1.0
2175,1,1.0
2176,1,2.0
2177,1,2.0
2178,1,0.0
2179,1,2.0
2180,1,2.0
2181,1,2.0
2182,1,1.0
2183,1,2.0
2184,1,2.0
2185,1,2.0
2186,1,1.0
2187,1,2.0
2188,1,0.0
2189,1,1.0
2190,1,0.0
2191,1,0.0
2192,1,1.0
2193,1,1.0
2194,1,0.0
2195,1,1.0
2196,1,2.0
2197,1,0.0
2198,1,2.0
2199,1,2.0
2200,1,2.0
2201,1,1.0
2202,1,0.0
2203,1,1.0
2204,1,0.0
2205,1,3.0
2206,1,1.0
2207,1,0.0
2208,1,1.0
2209,1,2.0
2210,1,2.0
2211,1,1.0
2212,1,2.0
2213,1,3.0
2214,1,2.0
2215,1,0.0
2216,1,3.0
2217,1,2.0
2218,1,1.0
2219,1,1.0
2220,1,3.0
2221,1,3.0
2222,1,2.0
2223,1,0.0
2224,1,2.0
2225,1,3.0
2226,1,0.0
2227,1,2.0
2228,1,2.0
2229,1,2.0
4066,2,2.0
4067,2,3.0
4068,2,1.0
4069,2,3.0
4070,2,2.0
4071,2,1.0
4072,2,3.0
4073,2,3.0
4074,2,1.0
4075,2,2.0
4076,2,3.0
4077,2,1.0
4078,2,2.0
4079,2,2.0
4080,2,2.0
4081,2,0.0
4082,2,0.0
4083,2,1.0
4084,2,1.0
4085,2,2.0
4086,2,0.0
4087,2,2.0
4088,2,0.0
4089,2,0.0
4090,2,0.0
4091,2,0.0
4092,2,2.0
4093,2,2.0
4094,2,3.0
4095,2,1.0
4096,2,1.0
4097,2,3.0
4098,2,1.0
4099,2,1.0
4100,2,3.0
4101,2,2.0
4102,2,1.0
4103,2,3.0
4104,2,1.0
4105,2,2.0
4106,2,2.0
4107,2,2.0
4108,2,0.0
4109,2,2.0
4110,2,0.0
4111,2,3.0
4112,2,3.0
4113,2,2.0
4114,2,3.0
4115,2,3.0
4116,2,2.0
4117,2,2.0
4118,2,2.0
4119,2,1.0
4120,2,2.0
4121,2,3.0
4122,2,2.0
4123,2,2.0
4124,2,2.0
4125,2,1.0
4126,2,2.0
4127,2,2.0
4128,2,0.0
4129,2,2.0
4130,2,2.0
4131,2,1.0
4132,2,1.0
4133,2,1.0
4134,2,1.0
4135,2,1.0
4136,2,2.0
4137,2,1.0
4138,2,3.0
4139,2,3.0
4140,2,1.0
4141,2,1.0
4142,2,1.0
4143,2,2.0
4144,2,0.0
4145,2,2.0
4146,2,3.0
4147,2,2.0
4148,2,1.0
4149,2,3.0
4150,2,1.0
4151,2,1.0
4152,2,0.0
4153,2,3.0
4154,2,3.0
4155,2,1.0
4156,2,2.0
4157,2,3.0
4158,2,2.0
4159,2,2.0
4160,2,3.0
4161,2,1.0
4162,2,3.0
4163,2,2.0
4164,2,3.0
4165,2,2.0
4166,2,1.0
4167,2,0.0
4168,2,1.0
4169,2,2.0
4170,2,0.0
4171,2,3.0
4172,2,1.0
4173,2,1.0
4174,2,1.0
4175,2,2.0
4176,2,0.0
4177,2,2.0
4178,2,2.0
4179,2,2.0
4180,2,1.0
4181,2,2.0
4182,2,3.0
4183,2,2.0
4184,2,2.0
4185,2,2.0
4186,2,2.0
4187,2,3.0
4188,2,3.0
4189,2,2.0
4190,2,3.0
4191,2,3.0
4192,2,3.0
4193,2,1.0
4194,2,1.0
4195,2,1.0
4196,2,2.0
4197,2,3.0
4198,2,1.0
4199,2,1.0
4200,2,2.0
4201,2,1.0
4202,2,1.0
4203,2,0.0
4204,2,2.0
4205,2,2.0
4206,2,2.0
4207,2,2.0
4208,2,2.0
4209,2,3.0
4210,2,1.0
4211,2,3.0
4212,2,1.0
4213,2,2.0
4214,2,2.0
4215,2,2.0
4216,2,1.0
4217,2,2.0
4218,2,3.0
4219,2,2.0
4220,2,1.0
4221,2,3.0
4222,2,2.0
4223,2,2.0
4224,2,3.0
4225,2,2.0
4226,2,3.0
4227,2,2.0
4228,2,2.0
4229,2,2.0
4230,2,3.0
4231,2,2.0
4232,2,2.0
4233,2,2.0
4234,2,1.0
4235,2,0.0
4236,2,1.0
4237,2,3.0
4238,2,1.0
4239,2,3.0
4240,2,3.0
4241,2,2.0
4242,2,2.0
4243,2,2.0
4244,2,3.0
4245,2,3.0
4246,2,3.0
4247,2,1.0
4248,2,2.0
4249,2,2.0
4250,2,2.0
4251,2,3.0
4252,2,3.0
4253,2,1.0
4254,2,2.0
4255,2,2.0
4256,2,2.0
4257,2,3.0
4258,2,3.0
4259,2,0.0
4260,2,1.0
4261,2,0.0
4262,2,2.0
4263,2,1.0
4264,2,2.0
4265,2,2.0
4266,2,1.0
4267,2,1.0
4268,2,1.0
4269,2,3.0
4270,2,2.0
4271,2,2.0
4272,2,1.0
4273,2,1.0
4274,2,1.0
4275,2,1.0
4276,2,2.0
4277,2,2.0
4278,2,3.0
4279,2,1.0
4280,2,2.0
4281,2,2.0
4282,2,3.0
4283,2,2.0
4284,2,3.0
4285,2,2.0
4286,2,1.0
4287,2,3.0
4288,2,0.0
4289,2,2.0
4290,2,2.0
4291,2,3.0
4292,2,2.0
4293,2,3.0
4294,2,3.0
4295,2,3.0
4296,2,2.0
4297,2,2.0
4298,2,1.0
4299,2,2.0
4300,2,2.0
4301,2,0.0
4302,2,2.0
4303,2,2.0
4304,2,2.0
4305,2,1.0
4306,2,2.0
4307,2,2.0
4308,2,3.0
4309,2,3.0
4310,2,1.0
4311,2,0.0
4312,2,0.0
4313,2,3.0
4314,2,0.0
4315,2,0.0
4316,2,3.0
4317,2,1.0
4318,2,1.0
4319,2,0.0
4320,2,3.0
4321,2,2.0
4322,2,0.0
4323,2,1.0
4324,2,3.0
4325,2,2.0
4326,2,3.0
4327,2,2.0
4328,2,2.0
4329,2,3.0
4330,2,3.0
4331,2,1.0
4332,2,1.0
4333,2,2.0
4334,2,1.0
4335,2,2.0
4336,2,1.0
4337,2,2.0
4338,2,1.0
4339,2,0.0
4340,2,3.0
4341,2,1.0
4342,2,3.0
4343,2,2.0
4344,2,2.0
4345,2,2.0
4346,2,2.0
4347,2,3.0
4348,2,3.0
4349,2,2.0
4350,2,0.0
4351,2,2.0
4352,2,3.0
4353,2,1.0
4354,2,1.0
4355,2,3.0
4356,2,1.0
4357,2,3.0
4358,2,2.0
4359,2,2.0
4360,2,3.0
4361,2,2.0
4362,2,3.0
4363,2,1.0
4364,2,0.0
4365,2,2.0
4366,2,1.0
4367,2,3.0
4368,2,2.0
4369,2,1.0
4370,2,3.0
4371,2,3.0
4372,2,1.0
4373,2,2.0
4374,2,2.0
4375,2,2.0
4376,2,2.0
4377,2,0.0
4378,2,3.0
4379,2,1.0
4380,2,3.0
4381,2,2.0
4382,2,2.0
4383,2,1.0
4384,2,0.0
4385,2,2.0
4386,2,2.0
4387,2,1.0
4388,2,1.0
4389,2,3.0
4390,2,1.0
4391,2,2.0
4392,2,2.0
4393,2,2.0
4394,2,2.0
4395,2,1.0
4396,2,1.0
4397,2,1.0
4398,2,0.0
4399,2,3.0
4400,2,0.0
4401,2,2.0
4402,2,2.0
4403,2,2.0
4404,2,1.0
4405,2,3.0
4406,2,1.0
4407,2,3.0
4408,2,2.0
4409,2,2.0
4410,2,1.0
4411,2,3.0
4412,2,3.0
4413,2,1.0
4414,2,3.0
4415,2,0.0
4416,2,0.0
4417,2,1.0
4418,2,0.0
4419,2,2.0
4420,2,3.0
4421,2,1.0
4422,2,2.0
4423,2,1.0
4424,2,3.0
4425,2,1.0
4426,2,2.0
4427,2,2.0
4428,2,3.0
4429,2,2.0
4430,2,2.0
4431,2,1.0
4432,2,3.0
4433,2,3.0
4434,2,3.0
4435,2,2.0
4436,2,3.0
4437,2,3.0
4438,2,0.0
4439,2,2.0
4440,2,2.0
4441,2,1.0
4442,2,2.0
4443,2,3.0
4444,2,2.0
4445,2,3.0
4446,2,3.0
4447,2,2.0
4448,2,3.0
4449,2,2.0
4450,2,1.0
4451,2,3.0
4452,2,1.0
4453,2,3.0
4454,2,3.0
4455,2,3.0
4456,2,3.0
4457,2,3.0
4458,2,1.0
4459,2,2.0
4460,2,3.0
4461,2,3.0
4462,2,3.0
4463,2,2.0
4464,2,2.0
4465,2,2.0
4466,2,3.0
4467,2,2.0
4468,2,2.0
4469,2,3.0
4470,2,0.0
4471,2,1.0
4472,2,2.0
4473,2,1.0
4474,2,3.0
4475,2,2.0
4476,2,2.0
4477,2,2.0
4478,2,1.0
4479,2,0.0
4480,2,1.0
4481,2,2.0
4482,2,2.0
4483,2,2.0
4484,2,2.0
4485,2,0.0
4486,2,0.0
4487,2,2.0
4488,2,1.0
4489,2,1.0
4490,2,2.0
4491,2,2.0
6809,3,2.0
6812,3,1.0
6813,3,2.0
6814,3,1.0
6815,3,1.0
6816,3,2.0
6817,3,2.0
6818,3,2.0
6820,3,0.0
6821,3,1.0
6822,3,2.0
6823,3,2.0
6824,3,1.0
6825,3,2.0
6826,3,1.0
6827,3,1.0
6829,3,1.0
6830,3,1.0
6831,3,1.0
6832,3,1.0
6833,3,2.0
6834,3,2.0
6835,3,1.0
6837,3,1.0
6839,3,1.0
6840,3,1.0
6841,3,1.0
6842,3,1.0
6844,3,1.0
6845,3,1.0
6847,3,2.0
6852,3,1.0
6854,3,1.0
6856,3,1.0
6857,3,1.0
6859,3,1.0
6861,3,2.0
6863,3,2.0
6864,3,1.0
6866,3,1.0
6869,3,1.0
6870,3,2.0
6871,3,2.0
6873,3,1.0
6875,3,1.0
6876,3,0.0
6877,3,0.0
6878,3,1.0
6880,3,1.0
6883,3,1.0
6884,3,1.0
6885,3,1.0
6886,3,1.0
6887,3,1.0
6888,3,0.0
6889,3,2.0
6890,3,1.0
6891,3,1.0
6894,3,0.0
6896,3,1.0
6897,3,0.0
6898,3,2.0
6899,3,1.0
6902,3,2.0
6903,3,0.0
6904,3,1.0
6905,3,0.0
6906,3,1.0
6908,3,2.0
6912,3,2.0
6913,3,1.0
6914,3,1.0
6915,3,1.0
6916,3,1.0
6917,3,1.0
6918,3,2.0
6919,3,1.0
6924,3,1.0
6928,3,2.0
6930,3,0.0
6932,3,1.0
6933,3,1.0
6934,3,1.0
6935,3,1.0
6936,3,2.0
6937,3,1.0
6939,3,1.0
6940,3,1.0
6941,3,1.0
6944,3,0.0
6945,3,1.0
6946,3,1.0
6947,3,1.0
6949,3,1.0
6950,3,1.0
6951,3,1.0
6953,3,1.0
6955,3,1.0
6956,3,1.0
6957,3,1.0
6958,3,1.0
6959,3,1.0
6960,3,1.0
6961,3,0.0
6962,3,1.0
6964,3,1.0
6965,3,2.0
6966,3,0.0
6968,3,2.0
6972,3,2.0
6974,3,0.0
6975,3,0.0
6976,3,0.0
6977,3,1.0
6978,3,1.0
6979,3,2.0
6980,3,1.0
6981,3,1.0
6982,3,0.0
6983,3,0.0
6984,3,1.0
6985,3,0.0
6988,3,0.0
6989,3,1.0
6991,3,1.0
6993,3,0.0
6994,3,0.0
6995,3,1.0
6996,3,0.0
6997,3,0.0
6999,3,1.0
7000,3,1.0
7002,3,2.0
7004,3,1.0
7006,3,1.0
7007,3,1.0
7008,3,1.0
7009,3,1.0
7012,3,0.0
7013,3,0.0
7015,3,1.0
7016,3,1.0
7018,3,1.0
7021,3,1.0
7025,3,1.0
7026,3,1.0
7029,3,1.0
7033,3,1.0
7037,3,2.0
7038,3,2.0
7039,3,0.0
7040,3,0.0
7041,3,0.0
7042,3,1.0
7044,3,1.0
7046,3,0.0
7047,3,1.0
7048,3,1.0
7049,3,2.0
7050,3,1.0
7051,3,1.0
7054,3,1.0
7056,3,1.0
7058,3,1.0
7062,3,2.0
7064,3,1.0
7065,3,0.0
7067,3,0.0
7068,3,0.0
7071,3,2.0
7072,3,2.0
7079,3,1.0
7080,3,0.0
7081,3,1.0
7082,3,1.0
7083,3,0.0
7084,3,0.0
7085,3,0.0
7086,3,1.0
7088,3,1.0
7089,3,2.0
7090,3,0.0
7091,3,1.0
7092,3,1.0
7095,3,1.0
7096,3,1.0
7097,3,0.0
7098,3,0.0
7102,3,1.0
7104,3,1.0
7106,3,2.0
7107,3,0.0
7108,3,1.0
7109,3,0.0
7110,3,1.0
7111,3,1.0
7113,3,1.0
7115,3,1.0
7117,3,2.0
7120,3,1.0
7121,3,1.0
7123,3,0.0
7124,3,0.0
7125,3,1.0
7127,3,0.0
7128,3,2.0
7131,3,1.0
7133,3,0.0
7134,3,2.0
7136,3,1.0
7137,3,0.0
7138,3,2.0
7141,3,1.0
7142,3,1.0
7143,3,1.0
7144,3,1.0
7145,3,2.0
7147,3,1.0
7148,3,1.0
7149,3,1.0
7150,3,2.0
7151,3,2.0
7152,3,1.0
7155,3,1.0
7156,3,1.0
7157,3,2.0
7158,3,1.0
7161,3,1.0
7162,3,0.0
7163,3,2.0
7164,3,2.0
7165,3,0.0
7166,3,2.0
7168,3,1.0
7170,3,1.0
7171,3,0.0
7172,3,1.0
7173,3,1.0
7175,3,1.0
7177,3,2.0
7179,3,1.0
7181,3,1.0
7182,3,0.0
7183,3,1.0
7184,3,1.0
7185,3,1.0
7186,3,1.0
7187,3,1.0
7189,3,2.0
7191,3,2.0
7192,3,1.0
7193,3,1.0
7194,3,0.0
7196,3,2.0
7197,3,1.0
7198,3,2.0
7200,3,0.0
7201,3,1.0
7202,3,0.0
7203,3,1.0
7204,3,1.0
7205,3,2.0
7207,3,1.0
7208,3,2.0
7209,3,1.0
7210,3,1.0
7212,3,1.0
7213,3,0.0
7214,3,1.0
7215,3,1.0
7217,3,1.0
7219,3,0.0
7220,3,0.0
7223,3,1.0
7224,3,1.0
7225,3,2.0
7230,3,0.0
7233,3,2.0
7234,3,1.0
7235,3,1.0
7238,3,0.0
7239,3,1.0
7241,3,1.0
7242,3,1.0
7243,3,2.0
7244,3,2.0
7245,3,1.0
7246,3,2.0
7247,3,0.0
7249,3,1.0
7251,3,2.0
7252,3,2.0
7254,3,1.0
7255,3,1.0
7259,3,1.0
7260,3,0.0
7263,3,1.0
7266,3,1.0
7270,3,1.0
7272,3,1.0
7275,3,1.0
7276,3,2.0
7277,3,2.0
7278,3,1.0
7279,3,1.0
7282,3,1.0
7284,3,0.0
7286,3,1.0
7287,3,1.0
7288,3,1.0
7290,3,1.0
7291,3,2.0
7292,3,1.0
7294,3,1.0
7295,3,2.0
7296,3,0.0
7297,3,1.0
7298,3,1.0
7300,3,1.0
7301,3,1.0
7302,3,1.0
7303,3,1.0
7304,3,0.0
7307,3,1.0
7312,3,1.0
7313,3,1.0
7315,3,0.0
7316,3,1.0
7317,3,1.0
7318,3,2.0
7320,3,1.0
7321,3,1.0
7322,3,0.0
7323,3,1.0
7324,3,0.0
7325,3,1.0
7328,3,0.0
7329,3,1.0
7330,3,1.0
7331,3,1.0
7332,3,0.0
7334,3,1.0
7335,3,1.0
7337,3,1.0
7338,3,1.0
7341,3,1.0
7342,3,0.0
7343,3,2.0
7344,3,1.0
7346,3,2.0
7348,3,1.0
7350,3,0.0
7351,3,2.0
7354,3,2.0
7355,3,1.0
7356,3,2.0
7359,3,1.0
7362,3,1.0
7363,3,1.0
7366,3,0.0
7368,3,1.0
7369,3,0.0
7371,3,1.0
7373,3,1.0
7375,3,1.0
7376,3,1.0
7381,3,0.0
7382,3,0.0
7384,3,1.0
7386,3,1.0
7387,3,1.0
7388,3,1.0
7389,3,1.0
7390,3,0.0
7391,3,1.0
7392,3,1.0
7393,3,0.0
7396,3,1.0
7398,3,2.0
7399,3,1.0
7400,3,0.0
7401,3,1.0
7402,3,1.0
7403,3,0.0
7407,3,0.0
7410,3,1.0
7412,3,1.0
7416,3,1.0
7417,3,0.0
7418,3,1.0
7419,3,1.0
7420,3,1.0
7421,3,0.0
7422,3,2.0
7423,3,1.0
7424,3,0.0
7426,3,1.0
7427,3,0.0
7429,3,2.0
7430,3,1.0
7431,3,1.0
7432,3,2.0
7434,3,1.0
7435,3,0.0
7437,3,1.0
7438,3,1.0
9808,4,1.0
9810,4,1.0
9812,4,0.0
9815,4,1.0
9816,4,0.0
9817,4,1.0
9818,4,0.0
9820,4,1.0
9824,4,0.0
9826,4,0.0
9829,4,1.0
9832,4,1.0
9834,4,1.0
9835,4,1.0
9837,4,1.0
9838,4,1.0
9842,4,2.0
9845,4,1.0
9848,4,1.0
9850,4,1.0
9851,4,1.0
9855,4,0.0
9856,4,1.0
9860,4,0.0
9861,4,0.0
9862,4,1.0
9864,4,0.0
9866,4,0.0
9867,4,1.0
9871,4,1.0
9872,4,2.0
9874,4,1.0
9875,4,2.0
9876,4,1.0
9879,4,1.0
9880,4,1.0
9885,4,0.0
9890,4,0.0
9892,4,1.0
9893,4,0.0
9894,4,0.0
9895,4,1.0
9896,4,1.0
9897,4,1.0
9898,4,1.0
9900,4,1.0
9903,4,0.0
9904,4,0.0
9905,4,1.0
9908,4,1.0
9911,4,1.0
9914,4,1.0
9920,4,0.0
9921,4,1.0
9924,4,1.0
9926,4,2.0
9928,4,0.0
9929,4,1.0
9930,4,1.0
9932,4,1.0
9933,4,0.0
9936,4,1.0
9938,4,0.0
9939,4,1.0
9940,4,0.0
9941,4,1.0
9943,4,1.0
9945,4,0.0
9947,4,1.0
9949,4,1.0
9950,4,1.0
9951,4,1.0
9952,4,0.0
9960,4,1.0
9961,4,0.0
9965,4,0.0
9969,4,1.0
9970,4,0.0
9972,4,1.0
9975,4,0.0
9976,4,1.0
9977,4,0.0
9980,4,0.0
9981,4,0.0
9983,4,1.0
9985,4,0.0
9987,4,0.0
9988,4,1.0
9990,4,1.0
9995,4,1.0
9996,4,2.0
9998,4,1.0
10002,4,0.0
10003,4,2.0
10004,4,1.0
10006,4,1.0
10009,4,0.0
10012,4,1.0
10013,4,0.0
10015,4,0.0
10016,4,1.0
10018,4,1.0
10019,4,1.0
10020,4,1.0
10022,4,0.0
10023,4,1.0
10026,4,1.0
10027,4,0.0
10032,4,0.0
10034,4,1.0
10035,4,1.0
10040,4,1.0
10041,4,1.0
10042,4,1.0
10044,4,1.0
10050,4,2.0
10051,4,1.0
10052,4,1.0
10055,4,1.0
10056,4,1.0
10057,4,1.0
10058,4,0.0
10059,4,1.0
10060,4,1.0
10061,4,0.0
10062,4,1.0
10064,4,1.0
10065,4,1.0
10071,4,2.0
10075,4,1.0
10077,4,1.0
10078,4,0.0
10079,4,1.0
10080,4,1.0
10082,4,0.0
10084,4,1.0
10086,4,0.0
10088,4,1.0
10089,4,1.0
10090,4,0.0
10092,4,2.0
10096,4,1.0
10098,4,0.0
10099,4,0.0
10100,4,1.0
10102,4,0.0
10103,4,1.0
10104,4,0.0
10106,4,0.0
10107,4,0.0
10110,4,0.0
10111,4,1.0
10113,4,0.0
10115,4,0.0
10116,4,1.0
10117,4,0.0
10118,4,2.0
10119,4,1.0
10120,4,1.0
10127,4,0.0
10128,4,1.0
10131,4,1.0
10133,4,0.0
10136,4,1.0
10138,4,0.0
10141,4,1.0
10143,4,0.0
10144,4,1.0
10145,4,0.0
10146,4,1.0
10147,4,1.0
10148,4,0.0
10149,4,1.0
10152,4,1.0
10153,4,1.0
10154,4,1.0
10155,4,0.0
10157,4,1.0
10158,4,0.0
10159,4,0.0
10160,4,0.0
10162,4,1.0
10164,4,1.0
10169,4,0.0
10170,4,0.0
10172,4,0.0
10174,4,1.0
10176,4,1.0
10180,4,0.0
10181,4,0.0
10183,4,1.0
10186,4,1.0
10188,4,0.0
10189,4,1.0
10191,4,0.0
10192,4,1.0
10193,4,1.0
10194,4,0.0
10196,4,0.0
10198,4,0.0
10200,4,1.0
10202,4,1.0
10204,4,0.0
10206,4,0.0
10207,4,0.0
10208,4,1.0
10214,4,1.0
10215,4,1.0
10217,4,1.0
10222,4,1.0
10224,4,1.0
10225,4,1.0
10228,4,1.0
10232,4,1.0
10239,4,1.0
10240,4,1.0
10241,4,0.0
10243,4,1.0
10246,4,1.0
10247,4,0.0
10248,4,1.0
10249,4,0.0
10250,4,0.0
10252,4,0.0
10253,4,1.0
10255,4,0.0
10256,4,1.0
10258,4,0.0
10262,4,1.0
10266,4,0.0
10267,4,1.0
10268,4,0.0
10270,4,2.0
10271,4,1.0
10272,4,0.0
10273,4,2.0
10274,4,1.0
10276,4,2.0
10278,4,0.0
10281,4,2.0
10282,4,0.0
10284,4,1.0
10285,4,0.0
10290,4,1.0
10292,4,1.0
10295,4,0.0
10297,4,1.0
10298,4,1.0
10299,4,1.0
10301,4,0.0
10303,4,1.0
10304,4,0.0
10305,4,1.0
10307,4,1.0
10308,4,0.0
10310,4,0.0
10313,4,1.0
10315,4,2.0
10318,4,1.0
10320,4,0.0
10321,4,1.0
10325,4,0.0
10332,4,1.0
10333,4,0.0
10335,4,0.0
10337,4,0.0
10338,4,0.0
10339,4,0.0
10340,4,1.0
10343,4,2.0
10344,4,0.0
10346,4,0.0
10347,4,0.0
10348,4,2.0
10349,4,1.0
10351,4,1.0
10353,4,1.0
10354,4,1.0
10355,4,1.0
10358,4,1.0
10359,4,1.0
10362,4,0.0
10364,4,0.0
10365,4,0.0
10367,4,0.0
10368,4,1.0
10370,4,1.0
10373,4,1.0
10374,4,1.0
10375,4,0.0
10376,4,2.0
10377,4,2.0
10378,4,1.0
10379,4,1.0
10384,4,1.0
12762,5,0.0
12763,5,1.0
12764,5,0.0
12765,5,0.0
12766,5,0.0
12767,5,0.0
12768,5,0.0
12769,5,0.0
12770,5,2.0
12771,5,2.0
12772,5,0.0
12773,5,0.0
12774,5,0.0
12775,5,0.0
12776,5,0.0
12777,5,0.0
12778,5,0.0
12779,5,0.0
12780,5,1.0
12781,5,0.0
12782,5,0.0
12783,5,3.0
12784,5,0.0
12785,5,1.0
12786,5,0.0
12787,5,0.0
12788,5,0.0
12789,5,0.0
12790,5,1.0
12791,5,0.0
12792,5,0.0
12793,5,0.0
12794,5,0.0
12795,5,1.0
12796,5,0.0
12797,5,0.0
12798,5,0.0
12799,5,0.0
12800,5,0.0
12801,5,0.0
12802,5,0.0
12803,5,0.0
12804,5,1.0
12805,5,0.0
12806,5,1.0
12807,5,0.0
12808,5,1.0
12809,5,0.0
12810,5,0.0
12811,5,0.0
12812,5,0.0
12813,5,1.0
12814,5,0.0
12815,5,0.0
12816,5,0.0
12817,5,0.0
12818,5,0.0
12819,5,0.0
12820,5,1.0
12821,5,1.0
12822,5,0.0
12823,5,0.0
12824,5,0.0
12825,5,3.0
12826,5,0.0
12827,5,0.0
12828,5,1.0
12829,5,0.0
12830,5,0.0
12831,5,0.0
12832,5,0.0
12833,5,3.0
12834,5,1.0
12835,5,1.0
12836,5,0.0
12837,5,2.0
12838,5,0.0
12839,5,0.0
12840,5,0.0
12841,5,0.0
12842,5,0.0
12843,5,0.0
12844,5,1.0
12845,5,1.0
12846,5,0.0
12847,5,0.0
12848,5,1.0
12849,5,0.0
12850,5,0.0
12851,5,0.0
12852,5,0.0
12853,5,0.0
12854,5,0.0
12855,5,0.0
12856,5,2.0
12857,5,0.0
12858,5,0.0
12859,5,0.0
12860,5,0.0
12861,5,0.0
12862,5,0.0
12863,5,0.0
12864,5,0.0
12865,5,1.0
12866,5,0.0
12867,5,0.0
12868,5,2.0
12869,5,0.0
12870,5,1.0
12871,5,0.0
12872,5,1.0
12873,5,0.0
12874,5,0.0
12875,5,0.0
12876,5,0.0
12877,5,0.0
12878,5,0.0
12879,5,0.0
12880,5,1.0
12881,5,0.0
12882,5,0.0
12883,5,0.0
12884,5,0.0
12885,5,0.0
12886,5,2.0
12887,5,0.0
12888,5,0.0
12889,5,0.0
12890,5,3.0
12891,5,0.0
12892,5,1.0
12893,5,0.0
12894,5,0.0
12895,5,1.0
12896,5,0.0
12897,5,0.0
12898,5,0.0
12899,5,0.0
12900,5,0.0
12901,5,1.0
12902,5,0.0
12903,5,1.0
12904,5,0.0
12905,5,0.0
12906,5,1.0
12907,5,0.0
12908,5,1.0
12909,5,1.0
12910,5,2.0
12911,5,1.0
12912,5,0.0
12913,5,0.0
12914,5,0.0
12915,5,0.0
12916,5,0.0
12917,5,0.0
12918,5,0.0
12919,5,0.0
12920,5,0.0
12921,5,0.0
12922,5,1.0
12923,5,0.0
12924,5,2.0
12925,5,0.0
12926,5,0.0
12927,5,1.0
12928,5,0.0
12929,5,0.0
12930,5,0.0
12931,5,0.0
12932,5,1.0
12933,5,1.0
12934,5,0.0
12935,5,0.0
12936,5,0.0
12937,5,0.0
12938,5,0.0
12939,5,0.0
12940,5,0.0
12941,5,0.0
12942,5,0.0
12943,5,1.0
12944,5,0.0
12945,5,0.0
12946,5,0.0
12947,5,0.0
12948,5,0.0
12949,5,0.0
12950,5,0.0
12951,5,0.0
12952,5,3.0
12953,5,0.0
12954,5,1.0
12955,5,0.0
12956,5,0.0
12957,5,0.0
12958,5,0.0
12959,5,0.0
12960,5,1.0
12961,5,0.0
12962,5,0.0
12963,5,0.0
12964,5,0.0
12965,5,0.0
12966,5,0.0
12967,5,0.0
12968,5,0.0
12969,5,0.0
12970,5,0.0
12971,5,1.0
12972,5,0.0
12973,5,0.0
12974,5,1.0
12975,5,0.0
12976,5,0.0
12977,5,1.0
12978,5,0.0
12979,5,0.0
12980,5,1.0
12981,5,0.0
12982,5,1.0
12983,5,0.0
12984,5,0.0
12985,5,0.0
12986,5,0.0
12987,5,0.0
12988,5,1.0
12989,5,0.0
12990,5,1.0
12991,5,0.0
12992,5,0.0
12993,5,0.0
12994,5,0.0
12995,5,0.0
12996,5,0.0
12997,5,1.0
12998,5,0.0
12999,5,2.0
13000,5,0.0
13001,5,0.0
13002,5,0.0
13003,5,0.0
13004,5,1.0
13005,5,0.0
13006,5,0.0
13007,5,0.0
13008,5,0.0
13009,5,0.0
13010,5,0.0
13011,5,1.0
13012,5,1.0
13013,5,0.0
13014,5,2.0
13015,5,1.0
13016,5,0.0
13017,5,0.0
13018,5,1.0
13019,5,0.0
13020,5,0.0
13021,5,0.0
13022,5,0.0
13023,5,0.0
13024,5,0.0
13025,5,0.0
13026,5,0.0
13027,5,0.0
13028,5,0.0
13029,5,0.0
13030,5,0.0
13031,5,1.0
13032,5,0.0
13033,5,0.0
13034,5,0.0
13035,5,0.0
13036,5,1.0
13037,5,0.0
13038,5,0.0
13039,5,1.0
13040,5,2.0
13041,5,1.0
13042,5,0.0
13043,5,0.0
13044,5,0.0
13045,5,0.0
13046,5,0.0
13047,5,0.0
13048,5,0.0
13049,5,2.0
13050,5,1.0
13051,5,0.0
13052,5,1.0
13053,5,0.0
13054,5,0.0
13055,5,3.0
13056,5,0.0
13057,5,0.0
13058,5,0.0
13059,5,0.0
13060,5,0.0
13061,5,0.0
13062,5,0.0
13063,5,0.0
13064,5,0.0
13065,5,0.0
13066,5,0.0
13067,5,0.0
13068,5,0.0
13069,5,0.0
13070,5,0.0
13071,5,1.0
13072,5,0.0
13073,5,0.0
13074,5,0.0
13075,5,1.0
13076,5,0.0
13077,5,0.0
13078,5,1.0
13079,5,0.0
13080,5,0.0
13081,5,0.0
13082,5,0.0
13083,5,0.0
13084,5,1.0
13085,5,0.0
13086,5,0.0
13087,5,0.0
13088,5,0.0
13089,5,0.0
13090,5,0.0
13091,5,1.0
13092,5,0.0
13093,5,0.0
13094,5,0.0
13095,5,0.0
13096,5,0.0
13097,5,0.0
13098,5,0.0
13099,5,0.0
13100,5,0.0
13101,5,0.0
13102,5,1.0
13103,5,0.0
13104,5,0.0
13105,5,2.0
13106,5,1.0
13107,5,0.0
13108,5,0.0
13109,5,0.0
13110,5,0.0
13111,5,0.0
13112,5,0.0
13113,5,0.0
13114,5,1.0
13115,5,0.0
13116,5,0.0
13117,5,1.0
13118,5,1.0
13119,5,0.0
13120,5,0.0
13121,5,0.0
13122,5,1.0
13123,5,0.0
13124,5,0.0
13125,5,0.0
13126,5,0.0
13127,5,0.0
13128,5,0.0
13129,5,0.0
13130,5,0.0
13131,5,0.0
13132,5,0.0
13133,5,0.0
13134,5,0.0
13135,5,0.0
13136,5,1.0
13137,5,0.0
13138,5,0.0
13139,5,0.0
13140,5,1.0
13141,5,0.0
13142,5,0.0
13143,5,0.0
13144,5,0.0
13145,5,0.0
13146,5,0.0
13147,5,0.0
13148,5,0.0
13149,5,0.0
13150,5,0.0
13151,5,2.0
13152,5,0.0
13153,5,0.0
13154,5,0.0
13155,5,3.0
13156,5,0.0
13157,5,1.0
13158,5,0.0
13159,5,0.0
13160,5,0.0
13161,5,0.0
13162,5,0.0
13163,5,0.0
13164,5,0.0
13165,5,0.0
13166,5,0.0
13167,5,1.0
13168,5,0.0
13169,5,0.0
13170,5,0.0
13171,5,0.0
13172,5,1.0
13173,5,0.0
13174,5,1.0
13175,5,0.0
13176,5,0.0
13177,5,0.0
13178,5,0.0
13179,5,1.0
13180,5,0.0
13181,5,1.0
13182,5,0.0
13183,5,0.0
13184,5,0.0
13185,5,0.0
13186,5,1.0
13187,5,0.0
13188,5,0.0
13189,5,0.0
13190,5,0.0
13191,5,1.0
13192,5,0.0
13193,5,0.0
13194,5,0.0
13195,5,1.0
13196,5,0.0
13197,5,0.0
13198,5,0.0
13199,5,0.0
13200,5,0.0
13201,5,1.0
13202,5,0.0
13203,5,0.0
13204,5,0.0
13205,5,0.0
13206,5,0.0
13207,5,1.0
13208,5,0.0
13209,5,0.0
13210,5,0.0
13211,5,1.0
13212,5,0.0
13213,5,0.0
13214,5,1.0
13215,5,1.0
13216,5,2.0
13217,5,0.0
13218,5,0.0
13219,5,1.0
13220,5,0.0
13221,5,0.0
13222,5,0.0
13223,5,0.0
13224,5,0.0
13225,5,1.0
13226,5,0.0
13227,5,1.0
13228,5,0.0
13229,5,0.0
13230,5,0.0
13231,5,0.0
13232,5,0.0
13233,5,0.0
13234,5,1.0
13235,5,1.0
13236,5,1.0
13237,5,0.0
13238,5,0.0
13239,5,3.0
13240,5,0.0
13241,5,0.0
13242,5,0.0
13243,5,0.0
13244,5,1.0
13245,5,0.0
13246,5,0.0
13247,5,0.0
13248,5,0.0
13249,5,0.0
13250,5,1.0
13251,5,0.0
13252,5,1.0
13253,5,0.0
13254,5,0.0
13255,5,0.0
13256,5,1.0
13257,5,0.0
13258,5,0.0
13259,5,0.0
13260,5,0.0
13261,5,0.0
13262,5,0.0
13263,5,0.0
13264,5,0.0
13265,5,0.0
13266,5,1.0
13267,5,1.0
13268,5,0.0
13269,5,0.0
13270,5,0.0
13271,5,0.0
13272,5,0.0
13273,5,0.0
13274,5,0.0
13275,5,0.0
13276,5,0.0
13277,5,1.0
13278,5,1.0
13279,5,1.0
13280,5,0.0
13281,5,1.0
13282,5,0.0
13283,5,0.0
13284,5,0.0
13285,5,0.0
13286,5,0.0
13287,5,0.0
13288,5,0.0
13289,5,0.0
13290,5,0.0
13291,5,1.0
13292,5,0.0
13293,5,1.0
13294,5,0.0
13295,5,0.0
13296,5,0.0
13297,5,0.0
13298,5,0.0
13299,5,1.0
13300,5,3.0
13301,5,0.0
13302,5,0.0
13303,5,0.0
13304,5,3.0
13305,5,0.0
13306,5,0.0
13307,5,0.0
13308,5,0.0
13309,5,0.0
13310,5,0.0
13311,5,0.0
13312,5,0.0
13313,5,0.0
13314,5,0.0
13315,5,0.0
13316,5,0.0
13317,5,0.0
13318,5,0.0
13319,5,0.0
13320,5,0.0
13321,5,1.0
13322,5,0.0
13323,5,0.0
13324,5,0.0
13325,5,0.0
13326,5,0.0
13327,5,0.0
13328,5,0.0
13329,5,0.0
13330,5,0.0
13331,5,0.0
13332,5,0.0
13333,5,0.0
13334,5,1.0
13335,5,0.0
13336,5,1.0
13337,5,0.0
13338,5,0.0
13339,5,3.0
13340,5,0.0
13341,5,0.0
13342,5,0.0
13343,5,0.0
13344,5,0.0
13345,5,1.0
13346,5,0.0
13347,5,0.0
13348,5,0.0
13349,5,0.0
13350,5,0.0
13351,5,1.0
13352,5,0.0
13353,5,0.0
13354,5,0.0
13355,5,0.0
13356,5,0.0
13357,5,1.0
13358,5,0.0
13359,5,0.0
15756,6,0.0
15757,6,0.0
15758,6,1.0
15759,6,0.0
15760,6,1.0
15761,6,0.0
15762,6,3.0
15763,6,0.0
15764,6,0.0
15765,6,0.0
15766,6,0.0
15767,6,0.0
15768,6,0.0
15769,6,0.0
15770,6,0.0
15771,6,0.0
15772,6,1.0
15773,6,0.0
15774,6,0.0
15775,6,0.0
15776,6,0.0
15777,6,0.0
15778,6,1.0
15779,6,0.0
15780,6,0.0
15781,6,3.0
15782,6,0.0
15783,6,0.0
15784,6,0.0
15785,6,0.0
15786,6,0.0
15787,6,0.0
15788,6,0.0
15789,6,0.0
15790,6,0.0
15791,6,2.0
15792,6,0.0
15793,6,0.0
15794,6,0.0
15795,6,0.0
15796,6,0.0
15797,6,0.0
15798,6,0.0
15799,6,0.0
15800,6,0.0
15801,6,0.0
15802,6,0.0
15803,6,0.0
15804,6,0.0
15805,6,0.0
15806,6,0.0
15807,6,0.0
15808,6,0.0
15809,6,0.0
15810,6,0.0
15811,6,0.0
15812,6,0.0
15813,6,0.0
15814,6,3.0
15815,6,0.0
15816,6,0.0
15817,6,0.0
15818,6,0.0
15819,6,1.0
15820,6,0.0
15821,6,1.0
15822,6,0.0
15823,6,3.0
15824,6,0.0
15825,6,0.0
15826,6,0.0
15827,6,0.0
15828,6,2.0
15829,6,0.0
15830,6,0.0
15831,6,0.0
15832,6,1.0
15833,6,2.0
15834,6,0.0
15835,6,0.0
15836,6,0.0
15837,6,0.0
15838,6,0.0
15839,6,0.0
15840,6,0.0
15841,6,2.0
15842,6,0.0
15843,6,0.0
15844,6,0.0
15845,6,1.0
15846,6,0.0
15847,6,2.0
15848,6,0.0
15849,6,0.0
15850,6,0.0
15851,6,0.0
15852,6,0.0
15853,6,0.0
15854,6,0.0
15855,6,1.0
15856,6,3.0
15857,6,0.0
15858,6,0.0
15859,6,0.0
15860,6,0.0
15861,6,0.0
15862,6,2.0
15863,6,1.0
15864,6,0.0
15865,6,0.0
15866,6,0.0
15867,6,1.0
15868,6,0.0
15869,6,0.0
15870,6,0.0
15871,6,0.0
15872,6,0.0
15873,6,0.0
15874,6,0.0
15875,6,0.0
15876,6,0.0
15877,6,0.0
15878,6,0.0
15879,6,1.0
15880,6,0.0
15881,6,0.0
15882,6,0.0
15883,6,0.0
15884,6,0.0
15885,6,0.0
15886,6,0.0
15887,6,1.0
15888,6,0.0
15889,6,0.0
15890,6,0.0
15891,6,0.0
15892,6,0.0
15893,6,0.0
15894,6,0.0
15895,6,0.0
15896,6,0.0
15897,6,0.0
15898,6,0.0
15899,6,0.0
15900,6,0.0
15901,6,1.0
15902,6,2.0
15903,6,3.0
15904,6,0.0
15905,6,0.0
15906,6,0.0
15907,6,0.0
15908,6,0.0
15909,6,1.0
15910,6,0.0
15911,6,0.0
15912,6,0.0
15913,6,0.0
15914,6,0.0
15915,6,0.0
15916,6,0.0
15917,6,0.0
15918,6,2.0
15919,6,0.0
15920,6,0.0
15921,6,0.0
15922,6,0.0
15923,6,0.0
15924,6,0.0
15925,6,0.0
15926,6,3.0
15927,6,0.0
15928,6,0.0
15929,6,0.0
15930,6,0.0
15931,6,0.0
15932,6,0.0
15933,6,0.0
15934,6,0.0
15935,6,0.0
15936,6,0.0
15937,6,0.0
15938,6,0.0
15939,6,0.0
15940,6,3.0
15941,6,0.0
15942,6,0.0
15943,6,0.0
15944,6,2.0
15945,6,0.0
15946,6,0.0
15947,6,0.0
15948,6,0.0
15949,6,0.0
15950,6,0.0
15951,6,0.0
15952,6,0.0
15953,6,0.0
15954,6,0.0
15955,6,0.0
15956,6,0.0
15957,6,0.0
15958,6,0.0
15959,6,0.0
15960,6,0.0
15961,6,0.0
15962,6,0.0
15963,6,0.0
15964,6,0.0
15965,6,2.0
15966,6,0.0
15967,6,0.0
15968,6,0.0
15969,6,0.0
15970,6,0.0
15971,6,0.0
15972,6,0.0
15973,6,0.0
15974,6,0.0
15975,6,0.0
15976,6,0.0
15977,6,0.0
15978,6,1.0
15979,6,0.0
15980,6,0.0
15981,6,0.0
15982,6,0.0
15983,6,1.0
15984,6,0.0
15985,6,1.0
15986,6,0.0
15987,6,0.0
15988,6,0.0
15989,6,0.0
15990,6,0.0
15991,6,1.0
15992,6,0.0
15993,6,0.0
15994,6,0.0
15995,6,0.0
15996,6,1.0
15997,6,0.0
15998,6,0.0
15999,6,0.0
16000,6,0.0
16001,6,0.0
16002,6,0.0
16003,6,0.0
16004,6,0.0
16005,6,0.0
16006,6,0.0
16007,6,0.0
16008,6,0.0
16009,6,1.0
16010,6,0.0
16011,6,0.0
16012,6,0.0
16013,6,0.0
16014,6,0.0
16015,6,0.0
16016,6,0.0
16017,6,1.0
16018,6,0.0
16019,6,0.0
16020,6,0.0
16021,6,0.0
16022,6,0.0
16023,6,0.0
16024,6,0.0
16025,6,0.0
16026,6,0.0
16027,6,1.0
16028,6,0.0
16029,6,0.0
16030,6,0.0
16031,6,0.0
16032,6,0.0
16033,6,0.0
16034,6,0.0
16035,6,0.0
16036,6,0.0
16037,6,0.0
16038,6,0.0
16039,6,0.0
16040,6,0.0
16041,6,0.0
16042,6,0.0
16043,6,0.0
16044,6,0.0
16045,6,0.0
16046,6,0.0
16047,6,0.0
16048,6,0.0
16049,6,0.0
16050,6,0.0
16051,6,0.0
16052,6,0.0
16053,6,0.0
16054,6,2.0
16055,6,0.0
16056,6,3.0
16057,6,0.0
16058,6,0.0
16059,6,0.0
16060,6,0.0
16061,6,0.0
16062,6,0.0
16063,6,0.0
16064,6,0.0
16065,6,0.0
16066,6,0.0
16067,6,0.0
16068,6,0.0
16069,6,0.0
16070,6,0.0
16071,6,0.0
16072,6,0.0
16073,6,0.0
16074,6,0.0
16075,6,0.0
16076,6,0.0
16077,6,1.0
16078,6,2.0
16079,6,0.0
16080,6,0.0
16081,6,0.0
16082,6,3.0
16083,6,0.0
16084,6,0.0
16085,6,3.0
16086,6,0.0
16087,6,0.0
16088,6,0.0
16089,6,1.0
16090,6,0.0
16091,6,3.0
16092,6,0.0
16093,6,0.0
16094,6,0.0
16095,6,0.0
16096,6,0.0
16097,6,0.0
16098,6,0.0
16099,6,3.0
16100,6,0.0
16101,6,0.0
16102,6,0.0
16103,6,0.0
16104,6,1.0
16105,6,0.0
16106,6,0.0
16107,6,0.0
16108,6,0.0
16109,6,0.0
16110,6,0.0
16111,6,2.0
16112,6,0.0
16113,6,0.0
16114,6,0.0
16115,6,0.0
16116,6,0.0
16117,6,0.0
16118,6,0.0
16119,6,0.0
16120,6,0.0
16121,6,0.0
16122,6,0.0
16123,6,0.0
16124,6,0.0
16125,6,1.0
16126,6,1.0
16127,6,0.0
16128,6,0.0
16129,6,1.0
16130,6,0.0
16131,6,0.0
16132,6,0.0
16133,6,0.0
16134,6,2.0
16135,6,0.0
16136,6,0.0
16137,6,0.0
16138,6,0.0
16139,6,0.0
16140,6,0.0
16141,6,0.0
16142,6,0.0
16143,6,2.0
16144,6,1.0
16145,6,0.0
16146,6,0.0
16147,6,0.0
16148,6,0.0
16149,6,0.0
16150,6,0.0
16151,6,0.0
16152,6,1.0
16153,6,0.0
16154,6,0.0
16155,6,0.0
16156,6,0.0
16157,6,0.0
16158,6,0.0
16159,6,2.0
16160,6,2.0
16161,6,1.0
16162,6,0.0
16163,6,0.0
16164,6,2.0
16165,6,2.0
16166,6,0.0
16167,6,0.0
16168,6,0.0
16169,6,0.0
16170,6,1.0
16171,6,0.0
16172,6,0.0
16173,6,0.0
16174,6,1.0
16175,6,1.0
16176,6,0.0
16177,6,0.0
16178,6,0.0
16179,6,0.0
16180,6,3.0
16181,6,0.0
16182,6,0.0
16183,6,0.0
16184,6,0.0
16185,6,0.0
16186,6,0.0
16187,6,0.0
16188,6,3.0
16189,6,1.0
16190,6,0.0
16191,6,0.0
16192,6,0.0
16193,6,0.0
16194,6,0.0
16195,6,0.0
16196,6,0.0
16197,6,0.0
16198,6,0.0
16199,6,0.0
16200,6,0.0
16201,6,1.0
16202,6,0.0
16203,6,0.0
16204,6,1.0
16205,6,0.0
16206,6,0.0
16207,6,0.0
16208,6,0.0
16209,6,1.0
16210,6,0.0
16211,6,0.0
16212,6,0.0
16213,6,0.0
16214,6,0.0
16215,6,0.0
16216,6,0.0
16217,6,0.0
16218,6,0.0
16219,6,0.0
16220,6,1.0
16221,6,0.0
16222,6,0.0
16223,6,0.0
16224,6,0.0
16225,6,2.0
16226,6,0.0
16227,6,0.0
16228,6,0.0
16229,6,0.0
16230,6,0.0
16231,6,0.0
16232,6,0.0
16233,6,1.0
16234,6,0.0
16235,6,0.0
16236,6,2.0
16237,6,0.0
16238,6,0.0
16239,6,0.0
16240,6,0.0
16241,6,3.0
16242,6,0.0
16243,6,0.0
16244,6,1.0
16245,6,0.0
16246,6,3.0
16247,6,0.0
16248,6,0.0
16249,6,0.0
16250,6,0.0
16251,6,3.0
16252,6,3.0
16253,6,1.0
16254,6,0.0
16255,6,0.0
16256,6,0.0
16257,6,0.0
16258,6,0.0
16259,6,0.0
16260,6,0.0
16261,6,0.0
16262,6,0.0
16263,6,0.0
16264,6,0.0
16265,6,0.0
16266,6,0.0
16267,6,0.0
16268,6,0.0
16269,6,0.0
16270,6,0.0
16271,6,3.0
16272,6,1.0
16273,6,0.0
16274,6,0.0
16275,6,0.0
16276,6,0.0
16277,6,0.0
16278,6,0.0
16279,6,0.0
16280,6,1.0
16281,6,2.0
16282,6,0.0
16283,6,0.0
16284,6,0.0
16285,6,3.0
16286,6,0.0
16287,6,0.0
16288,6,1.0
16289,6,2.0
16290,6,0.0
16291,6,0.0
16292,6,0.0
16293,6,0.0
16294,6,0.0
16295,6,0.0
16296,6,0.0
16297,6,0.0
16298,6,3.0
16299,6,0.0
16300,6,0.0
16301,6,0.0
16302,6,0.0
16303,6,1.0
16304,6,0.0
16305,6,0.0
16306,6,0.0
16307,6,0.0
16308,6,0.0
16309,6,0.0
16310,6,0.0
16311,6,0.0
16312,6,1.0
16313,6,0.0
16314,6,0.0
16315,6,0.0
16316,6,0.0
16317,6,0.0
16318,6,0.0
16319,6,1.0
16320,6,0.0
16321,6,0.0
16322,6,0.0
16323,6,0.0
16324,6,0.0
16325,6,0.0
16326,6,0.0
16327,6,0.0
16328,6,0.0
16329,6,0.0
16330,6,0.0
16331,6,1.0
16332,6,0.0
16333,6,0.0
16334,6,0.0
16335,6,0.0
16336,6,0.0
16337,6,1.0
16338,6,0.0
16339,6,0.0
16340,6,0.0
16341,6,0.0
16342,6,0.0
16343,6,1.0
16344,6,0.0
16345,6,0.0
16346,6,0.0
16347,6,0.0
16348,6,1.0
16349,6,1.0
16350,6,0.0
16351,6,0.0
16352,6,0.0
16353,6,0.0
16354,6,0.0
18753,7,0.0
18754,7,1.0
18755,7,2.0
18756,7,0.0
18757,7,0.0
18758,7,1.0
18759,7,2.0
18760,7,2.0
18761,7,0.0
18762,7,2.0
18763,7,0.0
18764,7,1.0
18765,7,2.0
18766,7,0.0
18767,7,0.0
18768,7,0.0
18769,7,1.0
18770,7,0.0
18771,7,0.0
18772,7,2.0
18773,7,0.0
18774,7,0.0
18775,7,2.0
18776,7,1.0
18777,7,0.0
18778,7,2.0
18779,7,0.0
18780,7,1.0
18781,7,0.0
18782,7,2.0
18783,7,2.0
18784,7,0.0
18785,7,0.0
18786,7,0.0
18787,7,0.0
18788,7,0.0
18789,7,0.0
18790,7,0.0
18791,7,0.0
18792,7,0.0
18793,7,2.0
18794,7,1.0
18795,7,0.0
18796,7,1.0
18797,7,0.0
18798,7,0.0
18799,7,2.0
18800,7,2.0
18801,7,0.0
18802,7,1.0
18803,7,0.0
18804,7,2.0
18805,7,0.0
18806,7,2.0
18807,7,2.0
18808,7,1.0
18809,7,2.0
18810,7,1.0
18811,7,1.0
18812,7,0.0
18813,7,2.0
18814,7,2.0
18815,7,0.0
18816,7,1.0
18817,7,0.0
18818,7,0.0
18819,7,1.0
18820,7,1.0
18821,7,2.0
18822,7,1.0
18823,7,1.0
18824,7,1.0
18825,7,1.0
18826,7,0.0
18827,7,2.0
18828,7,2.0
18829,7,0.0
18830,7,0.0
18831,7,1.0
18832,7,0.0
18833,7,1.0
18834,7,1.0
18835,7,2.0
18836,7,1.0
18837,7,0.0
18838,7,1.0
18839,7,1.0
18840,7,0.0
18841,7,0.0
18842,7,0.0
18843,7,2.0
18844,7,1.0
18845,7,0.0
18846,7,2.0
18847,7,1.0
18848,7,0.0
18849,7,0.0
18850,7,0.0
18851,7,0.0
18852,7,0.0
18853,7,0.0
18854,7,2.0
18855,7,1.0
18856,7,1.0
18857,7,2.0
18858,7,0.0
18859,7,0.0
18860,7,2.0
18861,7,0.0
18862,7,0.0
18863,7,2.0
18864,7,0.0
18865,7,0.0
18866,7,0.0
18867,7,1.0
18868,7,0.0
18869,7,0.0
18870,7,0.0
18871,7,0.0
18872,7,0.0
18873,7,1.0
18874,7,0.0
18875,7,0.0
18876,7,0.0
18877,7,0.0
18878,7,0.0
18879,7,1.0
18880,7,1.0
18881,7,0.0
18882,7,1.0
18883,7,2.0
18884,7,2.0
18885,7,2.0
18886,7,2.0
18887,7,0.0
18888,7,1.0
18889,7,0.0
18890,7,1.0
18891,7,2.0
18892,7,1.0
18893,7,0.0
18894,7,0.0
18895,7,1.0
18896,7,0.0
18897,7,0.0
18898,7,0.0
18899,7,1.0
18900,7,1.0
18901,7,1.0
18902,7,0.0
18903,7,2.0
18904,7,1.0
18905,7,0.0
18906,7,1.0
18907,7,2.0
18908,7,2.0
18909,7,1.0
18910,7,0.0
18911,7,0.0
18912,7,0.0
18913,7,2.0
18914,7,2.0
18915,7,0.0
18916,7,1.0
18917,7,1.0
18918,7,1.0
18919,7,0.0
18920,7,0.0
18921,7,0.0
18922,7,1.0
18923,7,0.0
18924,7,1.0
18925,7,0.0
18926,7,1.0
18927,7,0.0
18928,7,0.0
18929,7,0.0
18930,7,0.0
18931,7,0.0
18932,7,2.0
18933,7,0.0
18934,7,1.0
18935,7,0.0
18936,7,1.0
18937,7,1.0
18938,7,0.0
18939,7,0.0
18940,7,0.0
18941,7,2.0
18942,7,2.0
18943,7,0.0
18944,7,0.0
18945,7,2.0
18946,7,2.0
18947,7,0.0
18948,7,0.0
18949,7,2.0
18950,7,0.0
18951,7,0.0
18952,7,1.0
18953,7,1.0
18954,7,0.0
18955,7,0.0
18956,7,1.0
18957,7,2.0
18958,7,0.0
18959,7,0.0
18960,7,0.0
18961,7,0.0
18962,7,0.0
18963,7,2.0
18964,7,0.0
18965,7,1.0
18966,7,2.0
18967,7,0.0
18968,7,0.0
18969,7,0.0
18970,7,1.0
18971,7,0.0
18972,7,2.0
18973,7,0.0
18974,7,2.0
18975,7,2.0
18976,7,0.0
18977,7,2.0
18978,7,1.0
18979,7,1.0
18980,7,2.0
18981,7,0.0
18982,7,1.0
18983,7,0.0
18984,7,0.0
18985,7,0.0
18986,7,2.0
18987,7,0.0
18988,7,0.0
18989,7,0.0
18990,7,2.0
18991,7,2.0
18992,7,2.0
18993,7,0.0
18994,7,0.0
18995,7,1.0
18996,7,0.0
18997,7,1.0
18998,7,1.0
18999,7,0.0
19000,7,0.0
19001,7,2.0
19002,7,2.0
19003,7,2.0
19004,7,0.0
19005,7,1.0
19006,7,0.0
19007,7,0.0
19008,7,0.0
19009,7,0.0
19010,7,0.0
19011,7,1.0
19012,7,0.0
19013,7,0.0
19014,7,1.0
19015,7,2.0
19016,7,0.0
19017,7,2.0
19018,7,0.0
19019,7,2.0
19020,7,0.0
19021,7,1.0
19022,7,0.0
19023,7,0.0
19024,7,1.0
19025,7,0.0
19026,7,0.0
19027,7,0.0
19028,7,0.0
19029,7,0.0
19030,7,1.0
19031,7,2.0
19032,7,2.0
19033,7,0.0
19034,7,2.0
19035,7,1.0
19036,7,1.0
19037,7,1.0
19038,7,0.0
19039,7,2.0
19040,7,1.0
19041,7,2.0
19042,7,1.0
19043,7,0.0
19044,7,1.0
19045,7,0.0
19046,7,1.0
19047,7,0.0
19048,7,1.0
19049,7,1.0
19050,7,1.0
19051,7,1.0
19052,7,1.0
19053,7,2.0
19054,7,2.0
19055,7,0.0
19056,7,0.0
19057,7,0.0
19058,7,0.0
19059,7,2.0
19060,7,1.0
19061,7,1.0
19062,7,0.0
19063,7,0.0
19064,7,2.0
19065,7,2.0
19066,7,0.0
19067,7,1.0
19068,7,0.0
19069,7,0.0
19070,7,2.0
19071,7,1.0
19072,7,0.0
19073,7,1.0
19074,7,2.0
19075,7,1.0
19076,7,0.0
19077,7,1.0
19078,7,0.0
19079,7,0.0
19080,7,2.0
19081,7,2.0
19082,7,0.0
19083,7,0.0
19084,7,0.0
19085,7,1.0
19086,7,2.0
19087,7,0.0
19088,7,1.0
19089,7,1.0
19090,7,0.0
19091,7,0.0
19092,7,0.0
19093,7,0.0
19094,7,0.0
19095,7,2.0
19096,7,0.0
19097,7,0.0
19098,7,2.0
19099,7,0.0
19100,7,1.0
19101,7,0.0
19102,7,2.0
19103,7,1.0
19104,7,0.0
19105,7,0.0
19106,7,0.0
19107,7,2.0
19108,7,2.0
19109,7,0.0
19110,7,1.0
19111,7,0.0
19112,7,1.0
19113,7,0.0
19114,7,0.0
19115,7,2.0
19116,7,0.0
19117,7,0.0
19118,7,0.0
19119,7,2.0
19120,7,2.0
19121,7,2.0
19122,7,0.0
19123,7,2.0
19124,7,0.0
19125,7,0.0
19126,7,1.0
19127,7,2.0
19128,7,1.0
19129,7,1.0
19130,7,0.0
19131,7,0.0
19132,7,2.0
19133,7,0.0
19134,7,1.0
19135,7,0.0
19136,7,0.0
19137,7,1.0
19138,7,0.0
19139,7,1.0
19140,7,1.0
19141,7,2.0
19142,7,1.0
19143,7,1.0
19144,7,2.0
19145,7,2.0
19146,7,0.0
19147,7,0.0
19148,7,0.0
19149,7,2.0
19150,7,1.0
19151,7,2.0
19152,7,0.0
19153,7,0.0
19154,7,0.0
19155,7,1.0
19156,7,2.0
19157,7,2.0
19158,7,0.0
19159,7,0.0
19160,7,0.0
19161,7,2.0
19162,7,2.0
19163,7,0.0
19164,7,1.0
19165,7,2.0
19166,7,0.0
19167,7,2.0
19168,7,0.0
19169,7,0.0
19170,7,2.0
19171,7,1.0
19172,7,1.0
19173,7,0.0
19174,7,0.0
19175,7,0.0
19176,7,0.0
19177,7,1.0
19178,7,2.0
19179,7,0.0
19180,7,0.0
19181,7,2.0
19182,7,0.0
19183,7,0.0
19184,7,0.0
19185,7,0.0
19186,7,1.0
19187,7,2.0
19188,7,1.0
19189,7,0.0
19190,7,1.0
19191,7,1.0
19192,7,1.0
19193,7,1.0
19194,7,0.0
19195,7,1.0
19196,7,1.0
19197,7,0.0
19198,7,1.0
19199,7,0.0
19200,7,2.0
19201,7,2.0
19202,7,2.0
19203,7,1.0
19204,7,0.0
19205,7,0.0
19206,7,2.0
19207,7,1.0
19208,7,1.0
19209,7,0.0
19210,7,0.0
19211,7,2.0
19212,7,2.0
19213,7,0.0
19214,7,0.0
19215,7,0.0
19216,7,1.0
19217,7,0.0
19218,7,2.0
19219,7,0.0
19220,7,0.0
19221,7,2.0
19222,7,2.0
19223,7,2.0
19224,7,0.0
19225,7,0.0
19226,7,0.0
19227,7,2.0
19228,7,0.0
19229,7,0.0
19230,7,0.0
19231,7,1.0
19232,7,0.0
19233,7,2.0
19234,7,1.0
19235,7,0.0
19236,7,1.0
19237,7,2.0
19238,7,0.0
19239,7,2.0
19240,7,0.0
19241,7,1.0
19242,7,2.0
19243,7,0.0
19244,7,2.0
19245,7,2.0
19246,7,2.0
19247,7,0.0
19248,7,0.0
19249,7,1.0
19250,7,2.0
19251,7,0.0
19252,7,1.0
19253,7,2.0
19254,7,0.0
19255,7,0.0
19256,7,2.0
19257,7,1.0
19258,7,2.0
19259,7,0.0
19260,7,2.0
19261,7,1.0
19262,7,2.0
19263,7,2.0
19264,7,0.0
19265,7,2.0
19266,7,2.0
19267,7,2.0
19268,7,0.0
19269,7,1.0
19270,7,2.0
19271,7,2.0
19272,7,1.0
19273,7,0.0
19274,7,1.0
19275,7,0.0
19276,7,1.0
19277,7,0.0
19278,7,2.0
19279,7,0.0
19280,7,1.0
19281,7,0.0
19282,7,2.0
19283,7,0.0
19284,7,2.0
19285,7,0.0
19286,7,0.0
19287,7,2.0
19288,7,1.0
19289,7,1.0
19290,7,2.0
19291,7,0.0
19292,7,1.0
19293,7,1.0
19294,7,1.0
19295,7,2.0
19296,7,0.0
19297,7,0.0
19298,7,0.0
19299,7,0.0
19300,7,1.0
19301,7,1.0
19302,7,2.0
19303,7,1.0
19304,7,1.0
19305,7,1.0
19306,7,0.0
19307,7,0.0
19308,7,1.0
19309,7,0.0
19310,7,2.0
19311,7,0.0
19312,7,0.0
19313,7,0.0
19314,7,2.0
19315,7,0.0
19316,7,2.0
19317,7,1.0
19318,7,1.0
19319,7,1.0
19320,7,1.0
19321,7,0.0
19322,7,0.0
19323,7,0.0
19324,7,0.0
19325,7,0.0
19326,7,0.0
19327,7,1.0
19328,7,2.0
19329,7,0.0
19330,7,0.0
19331,7,2.0
19332,7,1.0
19333,7,0.0
19334,7,1.0
19335,7,1.0
19336,7,2.0
19337,7,2.0
19338,7,1.0
19339,7,0.0
19340,7,0.0
19341,7,1.0
19342,7,0.0
19343,7,1.0
19344,7,1.0
19345,7,2.0
19346,7,0.0
19347,7,0.0
19348,7,2.0
19349,7,0.0
19350,7,1.0
19351,7,0.0
21752,8,1.0
21753,8,2.0
21754,8,2.0
21755,8,1.0
21756,8,2.0
21757,8,2.0
21758,8,0.0
21759,8,2.0
21760,8,2.0
21761,8,0.0
21762,8,2.0
21763,8,0.0
21764,8,2.0
21765,8,2.0
21766,8,0.0
21767,8,1.0
21768,8,1.0
21769,8,0.0
21770,8,1.0
21771,8,0.0
21772,8,0.0
21773,8,1.0
21774,8,1.0
21775,8,0.0
21776,8,2.0
21777,8,0.0
21778,8,2.0
21779,8,2.0
21780,8,1.0
21781,8,1.0
21782,8,0.0
21783,8,0.0
21784,8,0.0
21785,8,0.0
21786,8,1.0
21787,8,2.0
21788,8,2.0
21789,8,1.0
21790,8,2.0
21791,8,0.0
21792,8,0.0
21793,8,0.0
21794,8,1.0
21795,8,2.0
21796,8,2.0
21797,8,1.0
21798,8,2.0
21799,8,2.0
21800,8,0.0
21801,8,2.0
21802,8,2.0
21803,8,2.0
21804,8,1.0
21805,8,2.0
21806,8,2.0
21807,8,0.0
21808,8,1.0
21809,8,2.0
21810,8,0.0
21811,8,2.0
21812,8,0.0
21813,8,1.0
21814,8,2.0
21815,8,1.0
21816,8,2.0
21817,8,2.0
21818,8,1.0
21819,8,0.0
21820,8,2.0
21821,8,0.0
21822,8,1.0
21823,8,0.0
21824,8,2.0
21825,8,2.0
21826,8,1.0
21827,8,0.0
21828,8,1.0
21829,8,2.0
21830,8,2.0
21831,8,0.0
21832,8,0.0
21833,8,2.0
21834,8,0.0
21835,8,1.0
21836,8,1.0
21837,8,0.0
21838,8,2.0
21839,8,0.0
21840,8,2.0
21841,8,2.0
21842,8,2.0
21843,8,0.0
21844,8,0.0
21845,8,2.0
21846,8,2.0
21847,8,2.0
21848,8,2.0
21849,8,2.0
21850,8,2.0
21851,8,0.0
21852,8,2.0
21853,8,2.0
21854,8,0.0
21855,8,2.0
21856,8,2.0
21857,8,1.0
21858,8,1.0
21859,8,0.0
21860,8,0.0
21861,8,2.0
21862,8,1.0
21863,8,2.0
21864,8,2.0
21865,8,1.0
21866,8,2.0
21867,8,2.0
21868,8,1.0
21869,8,1.0
21870,8,1.0
21871,8,2.0
21872,8,2.0
21873,8,1.0
21874,8,2.0
21875,8,1.0
21876,8,1.0
21877,8,0.0
21878,8,0.0
21879,8,2.0
21880,8,2.0
21881,8,1.0
21882,8,1.0
21883,8,2.0
21884,8,2.0
21885,8,2.0
21886,8,2.0
21887,8,1.0
21888,8,1.0
21889,8,2.0
21890,8,1.0
21891,8,2.0
21892,8,1.0
21893,8,0.0
21894,8,2.0
21895,8,0.0
21896,8,2.0
21897,8,2.0
21898,8,2.0
21899,8,0.0
21900,8,2.0
21901,8,2.0
21902,8,2.0
21903,8,1.0
21904,8,2.0
21905,8,1.0
21906,8,2.0
21907,8,0.0
21908,8,2.0
21909,8,0.0
21910,8,1.0
21911,8,0.0
21912,8,0.0
21913,8,0.0
21914,8,0.0
21915,8,0.0
21916,8,2.0
21917,8,0.0
21918,8,0.0
21919,8,2.0
21920,8,2.0
21921,8,2.0
21922,8,2.0
21923,8,1.0
21924,8,2.0
21925,8,2.0
21926,8,2.0
21927,8,2.0
21928,8,0.0
21929,8,2.0
21930,8,2.0
21931,8,2.0
21932,8,0.0
21933,8,1.0
21934,8,2.0
21935,8,0.0
21936,8,1.0
21937,8,1.0
21938,8,2.0
21939,8,0.0
21940,8,2.0
21941,8,0.0
21942,8,2.0
21943,8,1.0
21944,8,2.0
21945,8,0.0
21946,8,1.0
21947,8,2.0
21948,8,0.0
21949,8,0.0
21950,8,1.0
21951,8,0.0
21952,8,2.0
21953,8,2.0
21954,8,2.0
21955,8,0.0
21956,8,0.0
21957,8,0.0
21958,8,2.0
21959,8,0.0
21960,8,2.0
21961,8,0.0
21962,8,0.0
21963,8,0.0
21964,8,2.0
21965,8,1.0
21966,8,1.0
21967,8,1.0
21968,8,2.0
21969,8,2.0
21970,8,2.0
21971,8,2.0
21972,8,2.0
21973,8,0.0
21974,8,1.0
21975,8,0.0
21976,8,2.0
21977,8,2.0
21978,8,2.0
21979,8,1.0
21980,8,2.0
21981,8,1.0
21982,8,2.0
21983,8,2.0
21984,8,0.0
21985,8,0.0
21986,8,1.0
21987,8,2.0
21988,8,2.0
21989,8,0.0
21990,8,2.0
21991,8,2.0
21992,8,2.0
21993,8,2.0
21994,8,1.0
21995,8,2.0
21996,8,2.0
21997,8,2.0
21998,8,2.0
21999,8,2.0
22000,8,2.0
22001,8,2.0
22002,8,2.0
22003,8,2.0
22004,8,2.0
22005,8,2.0
22006,8,2.0
22007,8,2.0
22008,8,2.0
22009,8,2.0
22010,8,2.0
22011,8,0.0
22012,8,2.0
22013,8,2.0
22014,8,0.0
22015,8,2.0
22016,8,2.0
22017,8,2.0
22018,8,2.0
22019,8,2.0
22020,8,2.0
22021,8,2.0
22022,8,0.0
22023,8,0.0
22024,8,1.0
22025,8,1.0
22026,8,0.0
22027,8,0.0
22028,8,1.0
22029,8,0.0
22030,8,2.0
22031,8,2.0
22032,8,2.0
22033,8,1.0
22034,8,1.0
22035,8,2.0
22036,8,0.0
22037,8,2.0
22038,8,2.0
22039,8,0.0
22040,8,2.0
22041,8,2.0
22042,8,2.0
22043,8,2.0
22044,8,1.0
22045,8,2.0
22046,8,0.0
22047,8,1.0
22048,8,0.0
22049,8,0.0
22050,8,1.0
22051,8,2.0
22052,8,2.0
22053,8,2.0
22054,8,2.0
22055,8,2.0
22056,8,1.0
22057,8,1.0
22058,8,1.0
22059,8,1.0
22060,8,2.0
22061,8,0.0
22062,8,2.0
22063,8,2.0
22064,8,2.0
22065,8,1.0
22066,8,0.0
22067,8,2.0
22068,8,2.0
22069,8,2.0
22070,8,2.0
22071,8,2.0
22072,8,2.0
22073,8,1.0
22074,8,2.0
22075,8,1.0
22076,8,2.0
22077,8,0.0
22078,8,1.0
22079,8,0.0
22080,8,2.0
22081,8,2.0
22082,8,0.0
22083,8,0.0
22084,8,1.0
22085,8,1.0
22086,8,2.0
22087,8,1.0
22088,8,0.0
22089,8,2.0
22090,8,2.0
22091,8,2.0
22092,8,0.0
22093,8,2.0
22094,8,2.0
22095,8,2.0
22096,8,1.0
22097,8,2.0
22098,8,0.0
22099,8,2.0
22100,8,0.0
22101,8,0.0
22102,8,2.0
22103,8,2.0
22104,8,1.0
22105,8,0.0
22106,8,0.0
22107,8,2.0
22108,8,1.0
22109,8,2.0
22110,8,2.0
22111,8,2.0
22112,8,2.0
22113,8,2.0
22114,8,2.0
22115,8,2.0
22116,8,1.0
22117,8,2.0
22118,8,1.0
22119,8,2.0
22120,8,1.0
22121,8,0.0
22122,8,1.0
22123,8,1.0
22124,8,1.0
22125,8,1.0
22126,8,2.0
22127,8,2.0
22128,8,0.0
22129,8,2.0
22130,8,2.0
22131,8,2.0
22132,8,1.0
22133,8,2.0
22134,8,1.0
22135,8,2.0
22136,8,0.0
22137,8,0.0
22138,8,2.0
22139,8,0.0
22140,8,1.0
22141,8,2.0
22142,8,0.0
22143,8,1.0
22144,8,1.0
22145,8,1.0
22146,8,0.0
22147,8,0.0
22148,8,2.0
22149,8,2.0
22150,8,0.0
22151,8,0.0
22152,8,2.0
22153,8,2.0
22154,8,0.0
22155,8,2.0
22156,8,1.0
22157,8,2.0
22158,8,1.0
22159,8,1.0
22160,8,1.0
22161,8,1.0
22162,8,2.0
22163,8,2.0
22164,8,1.0
22165,8,2.0
22166,8,1.0
22167,8,0.0
22168,8,2.0
22169,8,1.0
22170,8,1.0
22171,8,1.0
22172,8,0.0
22173,8,0.0
22174,8,2.0
22175,8,2.0
22176,8,0.0
22177,8,2.0
22178,8,2.0
22179,8,2.0
22180,8,2.0
22181,8,2.0
22182,8,0.0
22183,8,1.0
22184,8,2.0
22185,8,1.0
22186,8,2.0
22187,8,2.0
22188,8,1.0
22189,8,2.0
22190,8,1.0
22191,8,2.0
22192,8,2.0
22193,8,0.0
22194,8,1.0
22195,8,1.0
22196,8,2.0
22197,8,2.0
22198,8,0.0
22199,8,2.0
22200,8,2.0
22201,8,2.0
22202,8,0.0
22203,8,2.0
22204,8,2.0
22205,8,2.0
22206,8,1.0
22207,8,2.0
22208,8,0.0
22209,8,2.0
22210,8,0.0
22211,8,0.0
22212,8,2.0
22213,8,2.0
22214,8,0.0
22215,8,0.0
22216,8,1.0
22217,8,2.0
22218,8,0.0
22219,8,1.0
22220,8,2.0
22221,8,0.0
22222,8,1.0
22223,8,2.0
22224,8,2.0
22225,8,2.0
22226,8,1.0
22227,8,1.0
22228,8,2.0
22229,8,0.0
22230,8,2.0
22231,8,2.0
22232,8,1.0
22233,8,1.0
22234,8,0.0
22235,8,1.0
22236,8,1.0
22237,8,1.0
22238,8,1.0
22239,8,0.0
22240,8,2.0
22241,8,1.0
22242,8,0.0
22243,8,2.0
22244,8,1.0
22245,8,2.0
22246,8,1.0
22247,8,1.0
22248,8,1.0
22249,8,2.0
22250,8,0.0
22251,8,2.0
22252,8,0.0
22253,8,2.0
22254,8,2.0
22255,8,0.0
22256,8,1.0
22257,8,1.0
22258,8,1.0
22259,8,0.0
22260,8,1.0
22261,8,0.0
22262,8,2.0
22263,8,0.0
22264,8,0.0
22265,8,2.0
22266,8,2.0
22267,8,2.0
22268,8,1.0
22269,8,2.0
22270,8,1.0
22271,8,0.0
22272,8,0.0
22273,8,2.0
22274,8,2.0
22275,8,0.0
22276,8,2.0
22277,8,0.0
22278,8,2.0
22279,8,2.0
22280,8,0.0
22281,8,2.0
22282,8,2.0
22283,8,2.0
22284,8,1.0
22285,8,2.0
22286,8,2.0
22287,8,2.0
22288,8,0.0
22289,8,2.0
22290,8,1.0
22291,8,1.0
22292,8,0.0
22293,8,2.0
22294,8,0.0
22295,8,0.0
22296,8,1.0
22297,8,0.0
22298,8,2.0
22299,8,2.0
22300,8,0.0
22301,8,2.0
22302,8,2.0
22303,8,2.0
22304,8,2.0
22305,8,1.0
22306,8,0.0
22307,8,0.0
22308,8,2.0
22309,8,2.0
22310,8,1.0
22311,8,2.0
22312,8,1.0
22313,8,0.0
22314,8,0.0
22315,8,0.0
22316,8,0.0
22317,8,2.0
22318,8,2.0
22319,8,1.0
22320,8,1.0
22321,8,1.0
22322,8,2.0
22323,8,2.0
22324,8,2.0
22325,8,0.0
22326,8,2.0
22327,8,0.0
22328,8,2.0
22329,8,0.0
22330,8,1.0
22331,8,2.0
22332,8,0.0
22333,8,2.0
22334,8,2.0
22335,8,0.0
22336,8,1.0
22337,8,2.0
22338,8,0.0
22339,8,2.0
22340,8,0.0
22341,8,2.0
22342,8,1.0
22343,8,0.0
22344,8,2.0
22345,8,2.0
22346,8,0.0
22347,8,1.0
22348,8,2.0
22349,8,2.0
22350,8,0.0
24750,9,0.0
24751,9,1.0
24752,9,1.0
24753,9,1.0
24754,9,2.0
24755,9,2.0
24756,9,1.0
24757,9,0.0
24758,9,0.0
24759,9,1.0
24760,9,0.0
24761,9,0.0
24762,9,1.0
24763,9,0.0
24764,9,1.0
24765,9,0.0
24766,9,1.0
24767,9,2.0
24768,9,2.0
24769,9,2.0
24770,9,2.0
24771,9,0.0
24772,9,2.0
24773,9,2.0
24774,9,1.0
24775,9,1.0
24776,9,1.0
24777,9,1.0
24778,9,0.0
24779,9,2.0
24780,9,2.0
24781,9,1.0
24782,9,2.0
24783,9,1.0
24784,9,0.0
24785,9,2.0
24786,9,2.0
24787,9,2.0
24788,9,1.0
24789,9,0.0
24790,9,2.0
24791,9,0.0
24792,9,1.0
24793,9,2.0
24794,9,1.0
24795,9,0.0
24796,9,2.0
24797,9,0.0
24798,9,1.0
24799,9,2.0
24800,9,2.0
24801,9,2.0
24802,9,1.0
24803,9,2.0
24804,9,2.0
24805,9,0.0
24806,9,2.0
24807,9,0.0
24808,9,1.0
24809,9,0.0
24810,9,2.0
24811,9,0.0
24812,9,0.0
24813,9,2.0
24814,9,1.0
24815,9,2.0
24816,9,2.0
24817,9,1.0
24818,9,1.0
24819,9,1.0
24820,9,0.0
24821,9,2.0
24822,9,0.0
24823,9,2.0
24824,9,2.0
24825,9,1.0
24826,9,1.0
24827,9,0.0
24828,9,1.0
24829,9,2.0
24830,9,2.0
24831,9,2.0
24832,9,1.0
24833,9,2.0
24834,9,2.0
24835,9,1.0
24836,9,1.0
24837,9,2.0
24838,9,1.0
24839,9,1.0
24840,9,1.0
24841,9,0.0
24842,9,0.0
24843,9,2.0
24844,9,2.0
24845,9,2.0
24846,9,1.0
24847,9,1.0
24848,9,0.0
24849,9,2.0
24850,9,2.0
24851,9,1.0
24852,9,0.0
24853,9,2.0
24854,9,0.0
24855,9,1.0
24856,9,1.0
24857,9,2.0
24858,9,1.0
24859,9,0.0
24860,9,0.0
24861,9,2.0
24862,9,1.0
24863,9,2.0
24864,9,1.0
24865,9,0.0
24866,9,1.0
24867,9,2.0
24868,9,1.0
24869,9,1.0
24870,9,2.0
24871,9,1.0
24872,9,2.0
24873,9,1.0
24874,9,1.0
24875,9,1.0
24876,9,2.0
24877,9,0.0
24878,9,2.0
24879,9,1.0
24880,9,1.0
24881,9,1.0
24882,9,1.0
24883,9,2.0
24884,9,1.0
24885,9,0.0
24886,9,0.0
24887,9,2.0
24888,9,0.0
24889,9,1.0
24890,9,1.0
24891,9,1.0
24892,9,2.0
24893,9,0.0
24894,9,0.0
24895,9,2.0
24896,9,0.0
24897,9,1.0
24898,9,0.0
24899,9,1.0
24900,9,2.0
24901,9,2.0
24902,9,0.0
24903,9,0.0
24904,9,1.0
24905,9,2.0
24906,9,1.0
24907,9,1.0
24908,9,1.0
24909,9,0.0
24910,9,2.0
24911,9,2.0
24912,9,1.0
24913,9,1.0
24914,9,1.0
24915,9,1.0
24916,9,1.0
24917,9,0.0
24918,9,0.0
24919,9,0.0
24920,9,2.0
24921,9,2.0
24922,9,1.0
24923,9,1.0
24924,9,1.0
24925,9,2.0
24926,9,0.0
24927,9,2.0
24928,9,0.0
24929,9,2.0
24930,9,2.0
24931,9,0.0
24932,9,1.0
24933,9,2.0
24934,9,0.0
24935,9,1.0
24936,9,1.0
24937,9,0.0
24938,9,1.0
24939,9,1.0
24940,9,2.0
24941,9,1.0
24942,9,2.0
24943,9,1.0
24944,9,0.0
24945,9,1.0
24946,9,1.0
24947,9,1.0
24948,9,2.0
24949,9,0.0
24950,9,1.0
24951,9,2.0
24952,9,1.0
24953,9,1.0
24954,9,1.0
24955,9,0.0
24956,9,1.0
24957,9,1.0
24958,9,2.0
24959,9,1.0
24960,9,0.0
24961,9,1.0
24962,9,1.0
24963,9,0.0
24964,9,2.0
24965,9,2.0
24966,9,0.0
24967,9,2.0
24968,9,2.0
24969,9,1.0
24970,9,1.0
24971,9,0.0
24972,9,1.0
24973,9,2.0
24974,9,2.0
24975,9,0.0
24976,9,2.0
24977,9,1.0
24978,9,1.0
24979,9,1.0
24980,9,1.0
24981,9,0.0
24982,9,1.0
24983,9,0.0
24984,9,1.0
24985,9,2.0
24986,9,2.0
24987,9,1.0
24988,9,1.0
24989,9,2.0
24990,9,2.0
24991,9,1.0
24992,9,0.0
24993,9,0.0
24994,9,2.0
24995,9,1.0
24996,9,0.0
24997,9,1.0
24998,9,2.0
24999,9,1.0
25000,9,2.0
25001,9,0.0
25002,9,1.0
25003,9,0.0
25004,9,1.0
25005,9,1.0
25006,9,1.0
25007,9,0.0
25008,9,0.0
25009,9,0.0
25010,9,1.0
25011,9,0.0
25012,9,1.0
25013,9,0.0
25014,9,0.0
25015,9,2.0
25016,9,2.0
25017,9,0.0
25018,9,2.0
25019,9,2.0
25020,9,1.0
25021,9,0.0
25022,9,2.0
25023,9,0.0
25024,9,0.0
25025,9,2.0
25026,9,2.0
25027,9,0.0
25028,9,1.0
25029,9,2.0
25030,9,1.0
25031,9,1.0
25032,9,0.0
25033,9,1.0
25034,9,1.0
25035,9,2.0
25036,9,1.0
25037,9,2.0
25038,9,2.0
25039,9,2.0
25040,9,2.0
25041,9,1.0
25042,9,0.0
25043,9,0.0
25044,9,1.0
25045,9,0.0
25046,9,1.0
25047,9,2.0
25048,9,1.0
25049,9,2.0
25050,9,0.0
25051,9,1.0
25052,9,1.0
25053,9,2.0
25054,9,2.0
25055,9,1.0
25056,9,1.0
25057,9,1.0
25058,9,2.0
25059,9,1.0
25060,9,0.0
25061,9,2.0
25062,9,2.0
25063,9,1.0
25064,9,2.0
25065,9,1.0
25066,9,0.0
25067,9,1.0
25068,9,0.0
25069,9,1.0
25070,9,1.0
25071,9,0.0
25072,9,0.0
25073,9,0.0
25074,9,2.0
25075,9,2.0
25076,9,0.0
25077,9,0.0
25078,9,1.0
25079,9,2.0
25080,9,0.0
25081,9,2.0
25082,9,1.0
25083,9,0.0
25084,9,2.0
25085,9,0.0
25086,9,0.0
25087,9,1.0
25088,9,1.0
25089,9,1.0
25090,9,1.0
25091,9,1.0
25092,9,2.0
25093,9,1.0
25094,9,1.0
25095,9,1.0
25096,9,2.0
25097,9,1.0
25098,9,1.0
25099,9,2.0
25100,9,2.0
25101,9,2.0
25102,9,2.0
25103,9,1.0
25104,9,2.0
25105,9,2.0
25106,9,0.0
25107,9,1.0
25108,9,2.0
25109,9,1.0
25110,9,2.0
25111,9,0.0
25112,9,2.0
25113,9,0.0
25114,9,2.0
25115,9,2.0
25116,9,0.0
25117,9,0.0
25118,9,1.0
25119,9,2.0
25120,9,1.0
25121,9,2.0
25122,9,1.0
25123,9,1.0
25124,9,1.0
25125,9,2.0
25126,9,0.0
25127,9,2.0
25128,9,2.0
25129,9,0.0
25130,9,2.0
25131,9,2.0
25132,9,0.0
25133,9,1.0
25134,9,1.0
25135,9,0.0
25136,9,2.0
25137,9,1.0
25138,9,2.0
25139,9,1.0
25140,9,2.0
25141,9,1.0
25142,9,1.0
25143,9,1.0
25144,9,0.0
25145,9,2.0
25146,9,0.0
25147,9,2.0
25148,9,2.0
25149,9,2.0
25150,9,1.0
25151,9,1.0
25152,9,2.0
25153,9,1.0
25154,9,1.0
25155,9,1.0
25156,9,2.0
25157,9,1.0
25158,9,1.0
25159,9,2.0
25160,9,2.0
25161,9,1.0
25162,9,1.0
25163,9,0.0
25164,9,1.0
25165,9,0.0
25166,9,2.0
25167,9,2.0
25168,9,2.0
25169,9,2.0
25170,9,1.0
25171,9,0.0
25172,9,0.0
25173,9,0.0
25174,9,2.0
25175,9,1.0
25176,9,0.0
25177,9,0.0
25178,9,1.0
25179,9,1.0
25180,9,2.0
25181,9,2.0
25182,9,0.0
25183,9,1.0
25184,9,2.0
25185,9,2.0
25186,9,2.0
25187,9,0.0
25188,9,1.0
25189,9,1.0
25190,9,1.0
25191,9,0.0
25192,9,0.0
25193,9,2.0
25194,9,2.0
25195,9,0.0
25196,9,0.0
25197,9,1.0
25198,9,2.0
25199,9,1.0
25200,9,1.0
25201,9,1.0
25202,9,2.0
25203,9,1.0
25204,9,2.0
25205,9,2.0
25206,9,0.0
25207,9,2.0
25208,9,2.0
25209,9,2.0
25210,9,0.0
25211,9,1.0
25212,9,2.0
25213,9,0.0
25214,9,1.0
25215,9,1.0
25216,9,0.0
25217,9,1.0
25218,9,0.0
25219,9,1.0
25220,9,0.0
25221,9,2.0
25222,9,1.0
25223,9,0.0
25224,9,0.0
25225,9,2.0
25226,9,0.0
25227,9,1.0
25228,9,0.0
25229,9,2.0
25230,9,0.0
25231,9,2.0
25232,9,2.0
25233,9,1.0
25234,9,0.0
25235,9,1.0
25236,9,1.0
25237,9,1.0
25238,9,1.0
25239,9,2.0
25240,9,0.0
25241,9,0.0
25242,9,2.0
25243,9,0.0
25244,9,0.0
25245,9,1.0
25246,9,2.0
25247,9,1.0
25248,9,2.0
25249,9,2.0
25250,9,2.0
25251,9,1.0
25252,9,0.0
25253,9,1.0
25254,9,1.0
25255,9,2.0
25256,9,1.0
25257,9,1.0
25258,9,2.0
25259,9,0.0
25260,9,2.0
25261,9,2.0
25262,9,2.0
25263,9,2.0
25264,9,0.0
25265,9,0.0
25266,9,1.0
25267,9,1.0
25268,9,0.0
25269,9,1.0
25270,9,0.0
25271,9,1.0
25272,9,2.0
25273,9,0.0
25274,9,0.0
25275,9,2.0
25276,9,2.0
25277,9,1.0
25278,9,2.0
25279,9,2.0
25280,9,0.0
25281,9,2.0
25282,9,1.0
25283,9,1.0
25284,9,1.0
25285,9,2.0
25286,9,0.0
25287,9,0.0
25288,9,1.0
25289,9,1.0
25290,9,1.0
25291,9,1.0
25292,9,2.0
25293,9,1.0
25294,9,2.0
25295,9,1.0
25296,9,1.0
25297,9,1.0
25298,9,2.0
25299,9,2.0
25300,9,2.0
25301,9,0.0
25302,9,1.0
25303,9,2.0
25304,9,1.0
25305,9,1.0
25306,9,0.0
25307,9,2.0
25308,9,1.0
25309,9,2.0
25310,9,2.0
25311,9,0.0
25312,9,1.0
25313,9,2.0
25314,9,2.0
25315,9,2.0
25316,9,1.0
25317,9,0.0
25318,9,2.0
25319,9,0.0
25320,9,0.0
25321,9,0.0
25322,9,2.0
25323,9,0.0
25324,9,1.0
25325,9,2.0
25326,9,2.0
25327,9,2.0
25328,9,1.0
25329,9,0.0
25330,9,0.0
25331,9,2.0
25332,9,0.0
25333,9,2.0
25334,9,1.0
25335,9,0.0
25336,9,0.0
25337,9,1.0
25338,9,1.0
25339,9,2.0
25340,9,1.0
25341,9,2.0
25342,9,2.0
25343,9,1.0
25344,9,0.0
25345,9,2.0
25346,9,2.0
25347,9,0.0
25348,9,0.0
27589,10,1.0
27590,10,1.0
27591,10,1.0
27592,10,2.0
27593,10,2.0
27594,10,1.0
27595,10,2.0
27596,10,2.0
27597,10,2.0
27598,10,0.0
27599,10,2.0
27600,10,1.0
27601,10,1.0
27602,10,2.0
27603,10,2.0
27604,10,1.0
27605,10,1.0
27606,10,1.0
27607,10,1.0
27608,10,2.0
27609,10,0.0
27610,10,2.0
27611,10,0.0
27612,10,1.0
27613,10,2.0
27614,10,1.0
27615,10,2.0
27616,10,2.0
27617,10,0.0
27618,10,1.0
27619,10,0.0
27620,10,1.0
27621,10,2.0
27622,10,2.0
27623,10,1.0
27624,10,2.0
27625,10,0.0
27626,10,1.0
27627,10,1.0
27628,10,1.0
27629,10,1.0
27630,10,1.0
27631,10,2.0
27632,10,2.0
27633,10,2.0
27634,10,2.0
27635,10,2.0
27636,10,1.0
27637,10,2.0
27638,10,1.0
27639,10,1.0
27640,10,1.0
27641,10,2.0
27642,10,2.0
27643,10,1.0
27644,10,1.0
27645,10,2.0
27646,10,2.0
27647,10,0.0
27648,10,1.0
27649,10,1.0
27650,10,1.0
27651,10,2.0
27652,10,1.0
27653,10,1.0
27654,10,1.0
27655,10,2.0
27656,10,2.0
27657,10,0.0
27658,10,0.0
27659,10,2.0
27660,10,1.0
27661,10,2.0
27662,10,2.0
27663,10,1.0
27664,10,2.0
27665,10,1.0
27666,10,1.0
27667,10,1.0
27668,10,1.0
27669,10,1.0
27670,10,2.0
27671,10,1.0
27672,10,1.0
27673,10,1.0
27674,10,0.0
27675,10,0.0
27676,10,2.0
27677,10,1.0
27678,10,1.0
27679,10,1.0
27680,10,2.0
27681,10,1.0
27682,10,1.0
27683,10,2.0
27684,10,2.0
27685,10,1.0
27686,10,2.0
27687,10,0.0
27688,10,1.0
27689,10,1.0
27690,10,1.0
27691,10,2.0
27692,10,0.0
27693,10,2.0
27694,10,0.0
27695,10,2.0
27696,10,2.0
27697,10,1.0
27698,10,1.0
27699,10,2.0
27700,10,1.0
27701,10,2.0
27702,10,1.0
27703,10,2.0
27704,10,0.0
27705,10,2.0
27706,10,2.0
27707,10,1.0
27708,10,1.0
27709,10,1.0
27710,10,1.0
27711,10,2.0
27712,10,1.0
27713,10,1.0
27714,10,1.0
27715,10,2.0
27716,10,1.0
27717,10,2.0
27718,10,2.0
27719,10,1.0
27720,10,1.0
27721,10,1.0
27722,10,1.0
27723,10,1.0
27724,10,1.0
27725,10,1.0
27726,10,0.0
27727,10,2.0
27728,10,2.0
27729,10,2.0
27730,10,1.0
27731,10,1.0
27732,10,0.0
27733,10,2.0
27734,10,2.0
27735,10,1.0
27736,10,1.0
27737,10,1.0
27738,10,1.0
27739,10,2.0
27740,10,2.0
27741,10,2.0
27742,10,2.0
27743,10,2.0
27744,10,0.0
27745,10,2.0
27746,10,2.0
27747,10,0.0
27748,10,0.0
27749,10,1.0
27750,10,1.0
27751,10,2.0
27752,10,0.0
27753,10,1.0
27754,10,0.0
27755,10,1.0
27756,10,2.0
27757,10,1.0
27758,10,1.0
27759,10,1.0
27760,10,0.0
27761,10,1.0
27762,10,1.0
27763,10,0.0
27764,10,2.0
27765,10,1.0
27766,10,1.0
27767,10,1.0
27768,10,1.0
27769,10,1.0
27770,10,1.0
27771,10,2.0
27772,10,1.0
27773,10,2.0
27774,10,1.0
27775,10,1.0
27776,10,2.0
27777,10,1.0
27778,10,2.0
27779,10,2.0
27780,10,1.0
27781,10,1.0
27782,10,1.0
27783,10,2.0
27784,10,0.0
27785,10,2.0
27786,10,1.0
27787,10,2.0
27788,10,2.0
27789,10,2.0
27790,10,1.0
27791,10,2.0
27792,10,1.0
27793,10,0.0
27794,10,0.0
27795,10,2.0
27796,10,2.0
27797,10,1.0
27798,10,2.0
27799,10,1.0
27800,10,2.0
27801,10,0.0
27802,10,1.0
27803,10,0.0
27804,10,2.0
27805,10,2.0
27806,10,2.0
27807,10,1.0
27808,10,1.0
27809,10,0.0
27810,10,1.0
27811,10,1.0
27812,10,1.0
27813,10,1.0
27814,10,1.0
27815,10,1.0
27816,10,2.0
27817,10,2.0
27818,10,0.0
27819,10,1.0
27820,10,1.0
27821,10,0.0
27822,10,2.0
27823,10,2.0
27824,10,2.0
27825,10,1.0
27826,10,1.0
27827,10,0.0
27828,10,1.0
27829,10,1.0
27830,10,2.0
27831,10,1.0
27832,10,0.0
27833,10,1.0
27834,10,1.0
27835,10,1.0
27836,10,1.0
27837,10,0.0
27838,10,2.0
27839,10,2.0
27840,10,2.0
27841,10,1.0
27842,10,2.0
27843,10,2.0
27844,10,1.0
27845,10,1.0
27846,10,2.0
27847,10,1.0
27848,10,2.0
27849,10,2.0
27850,10,0.0
27851,10,1.0
27852,10,2.0
27853,10,2.0
27854,10,2.0
27855,10,1.0
27856,10,2.0
27857,10,1.0
27858,10,2.0
27859,10,0.0
27860,10,0.0
27861,10,1.0
27862,10,2.0
27863,10,1.0
27864,10,1.0
27865,10,1.0
27866,10,1.0
27867,10,2.0
27868,10,1.0
27869,10,2.0
27870,10,2.0
27871,10,1.0
27872,10,2.0
27873,10,1.0
27874,10,1.0
27875,10,1.0
27876,10,2.0
27877,10,1.0
27878,10,0.0
27879,10,2.0
27880,10,1.0
27881,10,1.0
27882,10,1.0
27883,10,1.0
27884,10,0.0
27885,10,1.0
27886,10,1.0
27887,10,1.0
27888,10,2.0
27889,10,0.0
27890,10,2.0
27891,10,1.0
27892,10,0.0
27893,10,1.0
27894,10,1.0
27895,10,2.0
27896,10,1.0
27897,10,2.0
27898,10,2.0
27899,10,1.0
27900,10,1.0
27901,10,2.0
27902,10,2.0
27903,10,1.0
27904,10,1.0
27905,10,1.0
27906,10,1.0
27907,10,0.0
27908,10,1.0
27909,10,2.0
27910,10,2.0
27911,10,0.0
27912,10,1.0
27913,10,2.0
27914,10,1.0
27915,10,2.0
27916,10,0.0
27917,10,2.0
27918,10,2.0
27919,10,1.0
27920,10,1.0
27921,10,1.0
27922,10,1.0
27923,10,2.0
27924,10,1.0
27925,10,0.0
27926,10,1.0
27927,10,2.0
27928,10,1.0
27929,10,1.0
27930,10,1.0
27931,10,0.0
27932,10,1.0
27933,10,1.0
27934,10,1.0
27935,10,1.0
27936,10,2.0
27937,10,2.0
27938,10,1.0
27939,10,0.0
27940,10,1.0
27941,10,2.0
27942,10,1.0
27943,10,1.0
27944,10,2.0
27945,10,0.0
27946,10,2.0
27947,10,2.0
27948,10,2.0
27949,10,0.0
27950,10,2.0
27951,10,1.0
27952,10,2.0
27953,10,2.0
27954,10,1.0
27955,10,2.0
27956,10,1.0
27957,10,0.0
27958,10,0.0
27959,10,1.0
27960,10,1.0
27961,10,2.0
27962,10,0.0
27963,10,2.0
27964,10,2.0
27965,10,2.0
27966,10,1.0
27967,10,2.0
27968,10,2.0
27969,10,2.0
27970,10,1.0
27971,10,0.0
27972,10,2.0
27973,10,1.0
27974,10,2.0
27975,10,1.0
27976,10,2.0
27977,10,0.0
27978,10,2.0
27979,10,1.0
27980,10,2.0
27981,10,2.0
27982,10,0.0
27983,10,1.0
27984,10,1.0
27985,10,2.0
27986,10,1.0
27987,10,0.0
27988,10,2.0
27989,10,0.0
27990,10,2.0
27991,10,0.0
27992,10,1.0
27993,10,1.0
27994,10,2.0
27995,10,2.0
27996,10,1.0
27997,10,2.0
27998,10,2.0
27999,10,2.0
28000,10,2.0
28001,10,1.0
28002,10,1.0
28003,10,1.0
28004,10,1.0
28005,10,1.0
28006,10,1.0
28007,10,1.0
28008,10,1.0
28009,10,1.0
28010,10,1.0
28011,10,2.0
28012,10,0.0
28013,10,1.0
28014,10,0.0
28015,10,1.0
28016,10,1.0
28017,10,2.0
28018,10,2.0
28019,10,2.0
28020,10,2.0
28021,10,2.0
28022,10,1.0
28023,10,2.0
28024,10,1.0
28025,10,2.0
28026,10,1.0
28027,10,1.0
28028,10,2.0
28029,10,1.0
28030,10,2.0
28031,10,0.0
28032,10,2.0
28033,10,2.0
28034,10,1.0
28035,10,1.0
28036,10,2.0
28037,10,0.0
28038,10,2.0
28039,10,1.0
28040,10,1.0
28041,10,2.0
28042,10,2.0
28043,10,1.0
28044,10,1.0
28045,10,0.0
28046,10,1.0
28047,10,2.0
28048,10,2.0
28049,10,0.0
28050,10,0.0
28051,10,2.0
28052,10,2.0
28053,10,1.0
28054,10,2.0
28055,10,1.0
28056,10,1.0
28057,10,1.0
28058,10,2.0
28059,10,1.0
28060,10,0.0
28061,10,2.0
28062,10,2.0
28063,10,1.0
28064,10,1.0
28065,10,2.0
28066,10,0.0
28067,10,2.0
28068,10,2.0
28069,10,1.0
28070,10,2.0
28071,10,0.0
28072,10,1.0
28073,10,2.0
28074,10,2.0
28075,10,1.0
28076,10,0.0
28077,10,1.0
28078,10,1.0
28079,10,2.0
28080,10,2.0
28081,10,1.0
28082,10,2.0
28083,10,0.0
28084,10,0.0
28085,10,1.0
28086,10,2.0
28087,10,2.0
28088,10,1.0
28089,10,2.0
28090,10,2.0
28091,10,1.0
28092,10,1.0
28093,10,1.0
28094,10,0.0
28095,10,1.0
28096,10,1.0
28097,10,0.0
28098,10,2.0
28099,10,1.0
28100,10,2.0
28101,10,0.0
28102,10,1.0
28103,10,1.0
28104,10,2.0
28105,10,1.0
28106,10,1.0
28107,10,2.0
28108,10,2.0
28109,10,0.0
28110,10,2.0
28111,10,0.0
28112,10,2.0
28113,10,2.0
28114,10,2.0
28115,10,1.0
28116,10,2.0
28117,10,1.0
28118,10,2.0
28119,10,1.0
28120,10,2.0
28121,10,1.0
28122,10,1.0
28123,10,2.0
28124,10,1.0
28125,10,1.0
28126,10,0.0
28127,10,2.0
28128,10,2.0
28129,10,2.0
28130,10,2.0
28131,10,1.0
28132,10,0.0
28133,10,0.0
28134,10,1.0
